mode,position,alpha,sample_idx,correct,n_steps,logit_margin,predicted_word,expected_word,neg_word
swap,0,0,0,1,3,0.0,lempus,lempus,scrompus
swap,1,-1200,0,1,3,0.0,lempus,lempus,scrompus
swap,1,-600,0,1,3,0.0,lempus,lempus,scrompus
swap,1,-300,0,1,3,0.0,lempus,lempus,scrompus
swap,1,-100,0,1,3,0.0,lempus,lempus,scrompus
swap,1,100,0,1,3,0.0,lempus,lempus,scrompus
swap,1,300,0,1,3,0.0,lempus,lempus,scrompus
swap,1,600,0,1,3,0.0,lempus,lempus,scrompus
swap,1,1200,0,1,3,0.0,lempus,lempus,scrompus
swap,2,-1200,0,1,3,0.0,lempus,lempus,scrompus
swap,2,-600,0,1,3,0.0,lempus,lempus,scrompus
swap,2,-300,0,1,3,0.0,lempus,lempus,scrompus
swap,2,-100,0,1,3,0.0,lempus,lempus,scrompus
swap,2,100,0,1,3,0.0,lempus,lempus,scrompus
swap,2,300,0,1,3,0.0,lempus,lempus,scrompus
swap,2,600,0,1,3,0.0,lempus,lempus,scrompus
swap,2,1200,0,1,3,0.0,lempus,lempus,scrompus
swap,3,-1200,0,1,3,0.0,lempus,lempus,scrompus
swap,3,-600,0,1,3,0.0,lempus,lempus,scrompus
swap,3,-300,0,1,3,0.0,lempus,lempus,scrompus
swap,3,-100,0,1,3,0.0,lempus,lempus,scrompus
swap,3,100,0,1,3,0.0,lempus,lempus,scrompus
swap,3,300,0,1,3,0.0,lempus,lempus,scrompus
swap,3,600,0,1,3,0.0,lempus,lempus,scrompus
swap,3,1200,0,1,3,0.0,lempus,lempus,scrompus
swap,4,-1200,0,1,3,0.0,lempus,lempus,scrompus
swap,4,-600,0,1,3,0.0,lempus,lempus,scrompus
swap,4,-300,0,1,3,0.0,lempus,lempus,scrompus
swap,4,-100,0,1,3,0.0,lempus,lempus,scrompus
swap,4,100,0,1,3,0.0,lempus,lempus,scrompus
swap,4,300,0,1,3,0.0,lempus,lempus,scrompus
swap,4,600,0,1,3,0.0,lempus,lempus,scrompus
swap,4,1200,0,1,3,0.0,lempus,lempus,scrompus
swap,5,-1200,0,1,3,0.0,lempus,lempus,scrompus
swap,5,-600,0,1,3,0.0,lempus,lempus,scrompus
swap,5,-300,0,1,3,0.0,lempus,lempus,scrompus
swap,5,-100,0,1,3,0.0,lempus,lempus,scrompus
swap,5,100,0,1,3,0.0,lempus,lempus,scrompus
swap,5,300,0,1,3,0.0,lempus,lempus,scrompus
swap,5,600,0,1,3,0.0,lempus,lempus,scrompus
swap,5,1200,0,1,3,0.0,lempus,lempus,scrompus
swap,0,0,1,1,4,0.0,worpus,worpus,fompus
swap,1,-1200,1,1,4,0.0,worpus,worpus,fompus
swap,1,-600,1,1,4,0.0,worpus,worpus,fompus
swap,1,-300,1,1,4,0.0,worpus,worpus,fompus
swap,1,-100,1,1,4,0.0,worpus,worpus,fompus
swap,1,100,1,1,4,0.0,worpus,worpus,fompus
swap,1,300,1,1,4,0.0,worpus,worpus,fompus
swap,1,600,1,1,4,0.0,worpus,worpus,fompus
swap,1,1200,1,1,4,0.0,worpus,worpus,fompus
swap,2,-1200,1,1,4,0.0,worpus,worpus,fompus
swap,2,-600,1,1,4,0.0,worpus,worpus,fompus
swap,2,-300,1,1,4,0.0,worpus,worpus,fompus
swap,2,-100,1,1,4,0.0,worpus,worpus,fompus
swap,2,100,1,1,4,0.0,worpus,worpus,fompus
swap,2,300,1,1,4,0.0,worpus,worpus,fompus
swap,2,600,1,1,4,0.0,worpus,worpus,fompus
swap,2,1200,1,1,4,0.0,worpus,worpus,fompus
swap,3,-1200,1,1,4,0.0,worpus,worpus,fompus
swap,3,-600,1,1,4,0.0,worpus,worpus,fompus
swap,3,-300,1,1,4,0.0,worpus,worpus,fompus
swap,3,-100,1,1,4,0.0,worpus,worpus,fompus
swap,3,100,1,1,4,0.0,worpus,worpus,fompus
swap,3,300,1,1,4,0.0,worpus,worpus,fompus
swap,3,600,1,1,4,0.0,worpus,worpus,fompus
swap,3,1200,1,1,4,0.0,worpus,worpus,fompus
swap,4,-1200,1,1,4,0.0,worpus,worpus,fompus
swap,4,-600,1,1,4,0.0,worpus,worpus,fompus
swap,4,-300,1,1,4,0.0,worpus,worpus,fompus
swap,4,-100,1,1,4,0.0,worpus,worpus,fompus
swap,4,100,1,1,4,0.0,worpus,worpus,fompus
swap,4,300,1,1,4,0.0,worpus,worpus,fompus
swap,4,600,1,1,4,0.0,worpus,worpus,fompus
swap,4,1200,1,1,4,0.0,worpus,worpus,fompus
swap,5,-1200,1,1,4,0.0,worpus,worpus,fompus
swap,5,-600,1,1,4,0.0,worpus,worpus,fompus
swap,5,-300,1,1,4,0.0,worpus,worpus,fompus
swap,5,-100,1,1,4,0.0,worpus,worpus,fompus
swap,5,100,1,1,4,0.0,worpus,worpus,fompus
swap,5,300,1,1,4,0.0,worpus,worpus,fompus
swap,5,600,1,1,4,0.0,worpus,worpus,fompus
swap,5,1200,1,1,4,0.0,worpus,worpus,fompus
swap,0,0,2,0,4,0.0,bompus,gwompus,bompus
swap,1,-1200,2,1,4,0.0,gwompus,gwompus,bompus
swap,1,-600,2,1,4,0.0,gwompus,gwompus,bompus
swap,1,-300,2,0,4,0.0,bompus,gwompus,bompus
swap,1,-100,2,0,4,0.0,bompus,gwompus,bompus
swap,1,100,2,0,4,0.0,bompus,gwompus,bompus
swap,1,300,2,1,4,0.0,gwompus,gwompus,bompus
swap,1,600,2,1,4,0.0,gwompus,gwompus,bompus
swap,1,1200,2,0,4,0.0,bompus,gwompus,bompus
swap,2,-1200,2,0,4,0.0,bompus,gwompus,bompus
swap,2,-600,2,0,4,0.0,bompus,gwompus,bompus
swap,2,-300,2,0,4,0.0,bompus,gwompus,bompus
swap,2,-100,2,0,4,0.0,bompus,gwompus,bompus
swap,2,100,2,0,4,0.0,bompus,gwompus,bompus
swap,2,300,2,0,4,0.0,bompus,gwompus,bompus
swap,2,600,2,0,4,0.0,bompus,gwompus,bompus
swap,2,1200,2,0,4,0.0,bompus,gwompus,bompus
swap,3,-1200,2,0,4,0.0,bompus,gwompus,bompus
swap,3,-600,2,0,4,0.0,bompus,gwompus,bompus
swap,3,-300,2,0,4,0.0,bompus,gwompus,bompus
swap,3,-100,2,0,4,0.0,bompus,gwompus,bompus
swap,3,100,2,0,4,0.0,bompus,gwompus,bompus
swap,3,300,2,0,4,0.0,bompus,gwompus,bompus
swap,3,600,2,1,4,0.0,gwompus,gwompus,bompus
swap,3,1200,2,0,4,0.0,bompus,gwompus,bompus
swap,4,-1200,2,0,4,0.0,bompus,gwompus,bompus
swap,4,-600,2,0,4,0.0,bompus,gwompus,bompus
swap,4,-300,2,0,4,0.0,bompus,gwompus,bompus
swap,4,-100,2,0,4,0.0,bompus,gwompus,bompus
swap,4,100,2,0,4,0.0,bompus,gwompus,bompus
swap,4,300,2,0,4,0.0,bompus,gwompus,bompus
swap,4,600,2,1,4,0.0,gwompus,gwompus,bompus
swap,4,1200,2,1,4,0.0,gwompus,gwompus,bompus
swap,5,-1200,2,0,4,0.0,bompus,gwompus,bompus
swap,5,-600,2,0,4,0.0,bompus,gwompus,bompus
swap,5,-300,2,0,4,0.0,bompus,gwompus,bompus
swap,5,-100,2,0,4,0.0,bompus,gwompus,bompus
swap,5,100,2,0,4,0.0,bompus,gwompus,bompus
swap,5,300,2,0,4,0.0,bompus,gwompus,bompus
swap,5,600,2,1,4,0.0,gwompus,gwompus,bompus
swap,5,1200,2,1,4,0.0,gwompus,gwompus,bompus
swap,0,0,3,1,4,0.0,storpus,storpus,felpus
swap,1,-1200,3,1,4,0.0,storpus,storpus,felpus
swap,1,-600,3,1,4,0.0,storpus,storpus,felpus
swap,1,-300,3,1,4,0.0,storpus,storpus,felpus
swap,1,-100,3,1,4,0.0,storpus,storpus,felpus
swap,1,100,3,1,4,0.0,storpus,storpus,felpus
swap,1,300,3,1,4,0.0,storpus,storpus,felpus
swap,1,600,3,1,4,0.0,storpus,storpus,felpus
swap,1,1200,3,1,4,0.0,storpus,storpus,felpus
swap,2,-1200,3,1,4,0.0,storpus,storpus,felpus
swap,2,-600,3,1,4,0.0,storpus,storpus,felpus
swap,2,-300,3,1,4,0.0,storpus,storpus,felpus
swap,2,-100,3,1,4,0.0,storpus,storpus,felpus
swap,2,100,3,1,4,0.0,storpus,storpus,felpus
swap,2,300,3,1,4,0.0,storpus,storpus,felpus
swap,2,600,3,1,4,0.0,storpus,storpus,felpus
swap,2,1200,3,1,4,0.0,storpus,storpus,felpus
swap,3,-1200,3,1,4,0.0,storpus,storpus,felpus
swap,3,-600,3,1,4,0.0,storpus,storpus,felpus
swap,3,-300,3,1,4,0.0,storpus,storpus,felpus
swap,3,-100,3,1,4,0.0,storpus,storpus,felpus
swap,3,100,3,1,4,0.0,storpus,storpus,felpus
swap,3,300,3,1,4,0.0,storpus,storpus,felpus
swap,3,600,3,1,4,0.0,storpus,storpus,felpus
swap,3,1200,3,1,4,0.0,storpus,storpus,felpus
swap,4,-1200,3,1,4,0.0,storpus,storpus,felpus
swap,4,-600,3,1,4,0.0,storpus,storpus,felpus
swap,4,-300,3,1,4,0.0,storpus,storpus,felpus
swap,4,-100,3,1,4,0.0,storpus,storpus,felpus
swap,4,100,3,1,4,0.0,storpus,storpus,felpus
swap,4,300,3,1,4,0.0,storpus,storpus,felpus
swap,4,600,3,1,4,0.0,storpus,storpus,felpus
swap,4,1200,3,1,4,0.0,storpus,storpus,felpus
swap,5,-1200,3,1,4,0.0,storpus,storpus,felpus
swap,5,-600,3,1,4,0.0,storpus,storpus,felpus
swap,5,-300,3,1,4,0.0,storpus,storpus,felpus
swap,5,-100,3,1,4,0.0,storpus,storpus,felpus
swap,5,100,3,1,4,0.0,storpus,storpus,felpus
swap,5,300,3,1,4,0.0,storpus,storpus,felpus
swap,5,600,3,1,4,0.0,storpus,storpus,felpus
swap,5,1200,3,1,4,0.0,storpus,storpus,felpus
swap,0,0,4,1,4,0.0,tumpus,tumpus,hilpus
swap,1,-1200,4,1,4,0.0,tumpus,tumpus,hilpus
swap,1,-600,4,1,4,0.0,tumpus,tumpus,hilpus
swap,1,-300,4,1,4,0.0,tumpus,tumpus,hilpus
swap,1,-100,4,1,4,0.0,tumpus,tumpus,hilpus
swap,1,100,4,1,4,0.0,tumpus,tumpus,hilpus
swap,1,300,4,1,4,0.0,tumpus,tumpus,hilpus
swap,1,600,4,1,4,0.0,tumpus,tumpus,hilpus
swap,1,1200,4,1,4,0.0,tumpus,tumpus,hilpus
swap,2,-1200,4,1,4,0.0,tumpus,tumpus,hilpus
swap,2,-600,4,1,4,0.0,tumpus,tumpus,hilpus
swap,2,-300,4,1,4,0.0,tumpus,tumpus,hilpus
swap,2,-100,4,1,4,0.0,tumpus,tumpus,hilpus
swap,2,100,4,1,4,0.0,tumpus,tumpus,hilpus
swap,2,300,4,1,4,0.0,tumpus,tumpus,hilpus
swap,2,600,4,1,4,0.0,tumpus,tumpus,hilpus
swap,2,1200,4,1,4,0.0,tumpus,tumpus,hilpus
swap,3,-1200,4,1,4,0.0,tumpus,tumpus,hilpus
swap,3,-600,4,1,4,0.0,tumpus,tumpus,hilpus
swap,3,-300,4,1,4,0.0,tumpus,tumpus,hilpus
swap,3,-100,4,1,4,0.0,tumpus,tumpus,hilpus
swap,3,100,4,1,4,0.0,tumpus,tumpus,hilpus
swap,3,300,4,1,4,0.0,tumpus,tumpus,hilpus
swap,3,600,4,1,4,0.0,tumpus,tumpus,hilpus
swap,3,1200,4,1,4,0.0,tumpus,tumpus,hilpus
swap,4,-1200,4,1,4,0.0,tumpus,tumpus,hilpus
swap,4,-600,4,1,4,0.0,tumpus,tumpus,hilpus
swap,4,-300,4,1,4,0.0,tumpus,tumpus,hilpus
swap,4,-100,4,1,4,0.0,tumpus,tumpus,hilpus
swap,4,100,4,1,4,0.0,tumpus,tumpus,hilpus
swap,4,300,4,1,4,0.0,tumpus,tumpus,hilpus
swap,4,600,4,1,4,0.0,tumpus,tumpus,hilpus
swap,4,1200,4,1,4,0.0,tumpus,tumpus,hilpus
swap,5,-1200,4,1,4,0.0,tumpus,tumpus,hilpus
swap,5,-600,4,1,4,0.0,tumpus,tumpus,hilpus
swap,5,-300,4,1,4,0.0,tumpus,tumpus,hilpus
swap,5,-100,4,1,4,0.0,tumpus,tumpus,hilpus
swap,5,100,4,1,4,0.0,tumpus,tumpus,hilpus
swap,5,300,4,1,4,0.0,tumpus,tumpus,hilpus
swap,5,600,4,1,4,0.0,tumpus,tumpus,hilpus
swap,5,1200,4,1,4,0.0,tumpus,tumpus,hilpus
swap,0,0,5,0,5,0.0,boompus,bompus,boompus
swap,1,-1200,5,0,5,0.0,boompus,bompus,boompus
swap,1,-600,5,0,5,0.0,boompus,bompus,boompus
swap,1,-300,5,0,5,0.0,boompus,bompus,boompus
swap,1,-100,5,0,5,0.0,boompus,bompus,boompus
swap,1,100,5,0,5,0.0,boompus,bompus,boompus
swap,1,300,5,0,5,0.0,boompus,bompus,boompus
swap,1,600,5,0,5,0.0,boompus,bompus,boompus
swap,1,1200,5,0,5,0.0,boompus,bompus,boompus
swap,2,-1200,5,0,5,0.0,boompus,bompus,boompus
swap,2,-600,5,0,5,0.0,boompus,bompus,boompus
swap,2,-300,5,0,5,0.0,boompus,bompus,boompus
swap,2,-100,5,0,5,0.0,boompus,bompus,boompus
swap,2,100,5,0,5,0.0,boompus,bompus,boompus
swap,2,300,5,0,5,0.0,boompus,bompus,boompus
swap,2,600,5,0,5,0.0,boompus,bompus,boompus
swap,2,1200,5,0,5,0.0,boompus,bompus,boompus
swap,3,-1200,5,0,5,0.0,boompus,bompus,boompus
swap,3,-600,5,0,5,0.0,boompus,bompus,boompus
swap,3,-300,5,0,5,0.0,boompus,bompus,boompus
swap,3,-100,5,0,5,0.0,boompus,bompus,boompus
swap,3,100,5,0,5,0.0,boompus,bompus,boompus
swap,3,300,5,0,5,0.0,boompus,bompus,boompus
swap,3,600,5,0,5,0.0,boompus,bompus,boompus
swap,3,1200,5,0,5,0.0,boompus,bompus,boompus
swap,4,-1200,5,0,5,0.0,boompus,bompus,boompus
swap,4,-600,5,0,5,0.0,boompus,bompus,boompus
swap,4,-300,5,0,5,0.0,boompus,bompus,boompus
swap,4,-100,5,0,5,0.0,boompus,bompus,boompus
swap,4,100,5,0,5,0.0,boompus,bompus,boompus
swap,4,300,5,0,5,0.0,boompus,bompus,boompus
swap,4,600,5,0,5,0.0,boompus,bompus,boompus
swap,4,1200,5,0,5,0.0,boompus,bompus,boompus
swap,5,-1200,5,0,5,0.0,boompus,bompus,boompus
swap,5,-600,5,0,5,0.0,boompus,bompus,boompus
swap,5,-300,5,0,5,0.0,boompus,bompus,boompus
swap,5,-100,5,0,5,0.0,boompus,bompus,boompus
swap,5,100,5,0,5,0.0,boompus,bompus,boompus
swap,5,300,5,0,5,0.0,boompus,bompus,boompus
swap,5,600,5,0,5,0.0,boompus,bompus,boompus
swap,5,1200,5,0,5,0.0,boompus,bompus,boompus
swap,0,0,6,1,3,0.0,sterpus,sterpus,zumpus
swap,1,-1200,6,1,3,0.0,sterpus,sterpus,zumpus
swap,1,-600,6,1,3,0.0,sterpus,sterpus,zumpus
swap,1,-300,6,1,3,0.0,sterpus,sterpus,zumpus
swap,1,-100,6,1,3,0.0,sterpus,sterpus,zumpus
swap,1,100,6,1,3,0.0,sterpus,sterpus,zumpus
swap,1,300,6,1,3,0.0,sterpus,sterpus,zumpus
swap,1,600,6,1,3,0.0,sterpus,sterpus,zumpus
swap,1,1200,6,1,3,0.0,sterpus,sterpus,zumpus
swap,2,-1200,6,1,3,0.0,sterpus,sterpus,zumpus
swap,2,-600,6,1,3,0.0,sterpus,sterpus,zumpus
swap,2,-300,6,1,3,0.0,sterpus,sterpus,zumpus
swap,2,-100,6,1,3,0.0,sterpus,sterpus,zumpus
swap,2,100,6,1,3,0.0,sterpus,sterpus,zumpus
swap,2,300,6,1,3,0.0,sterpus,sterpus,zumpus
swap,2,600,6,1,3,0.0,sterpus,sterpus,zumpus
swap,2,1200,6,1,3,0.0,sterpus,sterpus,zumpus
swap,3,-1200,6,1,3,0.0,sterpus,sterpus,zumpus
swap,3,-600,6,1,3,0.0,sterpus,sterpus,zumpus
swap,3,-300,6,1,3,0.0,sterpus,sterpus,zumpus
swap,3,-100,6,1,3,0.0,sterpus,sterpus,zumpus
swap,3,100,6,1,3,0.0,sterpus,sterpus,zumpus
swap,3,300,6,1,3,0.0,sterpus,sterpus,zumpus
swap,3,600,6,1,3,0.0,sterpus,sterpus,zumpus
swap,3,1200,6,1,3,0.0,sterpus,sterpus,zumpus
swap,4,-1200,6,1,3,0.0,sterpus,sterpus,zumpus
swap,4,-600,6,1,3,0.0,sterpus,sterpus,zumpus
swap,4,-300,6,1,3,0.0,sterpus,sterpus,zumpus
swap,4,-100,6,1,3,0.0,sterpus,sterpus,zumpus
swap,4,100,6,1,3,0.0,sterpus,sterpus,zumpus
swap,4,300,6,1,3,0.0,sterpus,sterpus,zumpus
swap,4,600,6,1,3,0.0,sterpus,sterpus,zumpus
swap,4,1200,6,1,3,0.0,sterpus,sterpus,zumpus
swap,5,-1200,6,1,3,0.0,sterpus,sterpus,zumpus
swap,5,-600,6,1,3,0.0,sterpus,sterpus,zumpus
swap,5,-300,6,1,3,0.0,sterpus,sterpus,zumpus
swap,5,-100,6,1,3,0.0,sterpus,sterpus,zumpus
swap,5,100,6,1,3,0.0,sterpus,sterpus,zumpus
swap,5,300,6,1,3,0.0,sterpus,sterpus,zumpus
swap,5,600,6,1,3,0.0,sterpus,sterpus,zumpus
swap,5,1200,6,1,3,0.0,sterpus,sterpus,zumpus
swap,0,0,7,1,3,0.0,timpus,timpus,worpus
swap,1,-1200,7,1,3,0.0,timpus,timpus,worpus
swap,1,-600,7,1,3,0.0,timpus,timpus,worpus
swap,1,-300,7,1,3,0.0,timpus,timpus,worpus
swap,1,-100,7,1,3,0.0,timpus,timpus,worpus
swap,1,100,7,1,3,0.0,timpus,timpus,worpus
swap,1,300,7,1,3,0.0,timpus,timpus,worpus
swap,1,600,7,1,3,0.0,timpus,timpus,worpus
swap,1,1200,7,1,3,0.0,timpus,timpus,worpus
swap,2,-1200,7,1,3,0.0,timpus,timpus,worpus
swap,2,-600,7,1,3,0.0,timpus,timpus,worpus
swap,2,-300,7,1,3,0.0,timpus,timpus,worpus
swap,2,-100,7,1,3,0.0,timpus,timpus,worpus
swap,2,100,7,1,3,0.0,timpus,timpus,worpus
swap,2,300,7,1,3,0.0,timpus,timpus,worpus
swap,2,600,7,1,3,0.0,timpus,timpus,worpus
swap,2,1200,7,1,3,0.0,timpus,timpus,worpus
swap,3,-1200,7,1,3,0.0,timpus,timpus,worpus
swap,3,-600,7,1,3,0.0,timpus,timpus,worpus
swap,3,-300,7,1,3,0.0,timpus,timpus,worpus
swap,3,-100,7,1,3,0.0,timpus,timpus,worpus
swap,3,100,7,1,3,0.0,timpus,timpus,worpus
swap,3,300,7,1,3,0.0,timpus,timpus,worpus
swap,3,600,7,1,3,0.0,timpus,timpus,worpus
swap,3,1200,7,1,3,0.0,timpus,timpus,worpus
swap,4,-1200,7,1,3,0.0,timpus,timpus,worpus
swap,4,-600,7,1,3,0.0,timpus,timpus,worpus
swap,4,-300,7,1,3,0.0,timpus,timpus,worpus
swap,4,-100,7,1,3,0.0,timpus,timpus,worpus
swap,4,100,7,1,3,0.0,timpus,timpus,worpus
swap,4,300,7,1,3,0.0,timpus,timpus,worpus
swap,4,600,7,1,3,0.0,timpus,timpus,worpus
swap,4,1200,7,1,3,0.0,timpus,timpus,worpus
swap,5,-1200,7,1,3,0.0,timpus,timpus,worpus
swap,5,-600,7,1,3,0.0,timpus,timpus,worpus
swap,5,-300,7,1,3,0.0,timpus,timpus,worpus
swap,5,-100,7,1,3,0.0,timpus,timpus,worpus
swap,5,100,7,1,3,0.0,timpus,timpus,worpus
swap,5,300,7,1,3,0.0,timpus,timpus,worpus
swap,5,600,7,1,3,0.0,timpus,timpus,worpus
swap,5,1200,7,1,3,0.0,timpus,timpus,worpus
swap,0,0,8,1,4,0.0,numpus,numpus,sterpus
swap,1,-1200,8,1,4,0.0,numpus,numpus,sterpus
swap,1,-600,8,1,4,0.0,numpus,numpus,sterpus
swap,1,-300,8,1,4,0.0,numpus,numpus,sterpus
swap,1,-100,8,1,4,0.0,numpus,numpus,sterpus
swap,1,100,8,1,4,0.0,numpus,numpus,sterpus
swap,1,300,8,1,4,0.0,numpus,numpus,sterpus
swap,1,600,8,1,4,0.0,numpus,numpus,sterpus
swap,1,1200,8,1,4,0.0,numpus,numpus,sterpus
swap,2,-1200,8,1,4,0.0,numpus,numpus,sterpus
swap,2,-600,8,1,4,0.0,numpus,numpus,sterpus
swap,2,-300,8,1,4,0.0,numpus,numpus,sterpus
swap,2,-100,8,1,4,0.0,numpus,numpus,sterpus
swap,2,100,8,1,4,0.0,numpus,numpus,sterpus
swap,2,300,8,1,4,0.0,numpus,numpus,sterpus
swap,2,600,8,1,4,0.0,numpus,numpus,sterpus
swap,2,1200,8,1,4,0.0,numpus,numpus,sterpus
swap,3,-1200,8,1,4,0.0,numpus,numpus,sterpus
swap,3,-600,8,1,4,0.0,numpus,numpus,sterpus
swap,3,-300,8,1,4,0.0,numpus,numpus,sterpus
swap,3,-100,8,1,4,0.0,numpus,numpus,sterpus
swap,3,100,8,1,4,0.0,numpus,numpus,sterpus
swap,3,300,8,1,4,0.0,numpus,numpus,sterpus
swap,3,600,8,1,4,0.0,numpus,numpus,sterpus
swap,3,1200,8,1,4,0.0,numpus,numpus,sterpus
swap,4,-1200,8,1,4,0.0,numpus,numpus,sterpus
swap,4,-600,8,1,4,0.0,numpus,numpus,sterpus
swap,4,-300,8,1,4,0.0,numpus,numpus,sterpus
swap,4,-100,8,1,4,0.0,numpus,numpus,sterpus
swap,4,100,8,1,4,0.0,numpus,numpus,sterpus
swap,4,300,8,1,4,0.0,numpus,numpus,sterpus
swap,4,600,8,1,4,0.0,numpus,numpus,sterpus
swap,4,1200,8,1,4,0.0,numpus,numpus,sterpus
swap,5,-1200,8,1,4,0.0,numpus,numpus,sterpus
swap,5,-600,8,1,4,0.0,numpus,numpus,sterpus
swap,5,-300,8,1,4,0.0,numpus,numpus,sterpus
swap,5,-100,8,1,4,0.0,numpus,numpus,sterpus
swap,5,100,8,1,4,0.0,numpus,numpus,sterpus
swap,5,300,8,1,4,0.0,numpus,numpus,sterpus
swap,5,600,8,1,4,0.0,numpus,numpus,sterpus
swap,5,1200,8,1,4,0.0,numpus,numpus,sterpus
swap,0,0,9,0,4,0.0,vumpus,dumpus,vumpus
swap,1,-1200,9,0,4,0.0,vumpus,dumpus,vumpus
swap,1,-600,9,0,4,0.0,vumpus,dumpus,vumpus
swap,1,-300,9,0,4,0.0,vumpus,dumpus,vumpus
swap,1,-100,9,0,4,0.0,vumpus,dumpus,vumpus
swap,1,100,9,0,4,0.0,vumpus,dumpus,vumpus
swap,1,300,9,0,4,0.0,vumpus,dumpus,vumpus
swap,1,600,9,0,4,0.0,vumpus,dumpus,vumpus
swap,1,1200,9,0,4,0.0,vumpus,dumpus,vumpus
swap,2,-1200,9,0,4,0.0,vumpus,dumpus,vumpus
swap,2,-600,9,0,4,0.0,vumpus,dumpus,vumpus
swap,2,-300,9,0,4,0.0,vumpus,dumpus,vumpus
swap,2,-100,9,0,4,0.0,vumpus,dumpus,vumpus
swap,2,100,9,0,4,0.0,vumpus,dumpus,vumpus
swap,2,300,9,0,4,0.0,vumpus,dumpus,vumpus
swap,2,600,9,0,4,0.0,vumpus,dumpus,vumpus
swap,2,1200,9,0,4,0.0,vumpus,dumpus,vumpus
swap,3,-1200,9,0,4,0.0,vumpus,dumpus,vumpus
swap,3,-600,9,0,4,0.0,vumpus,dumpus,vumpus
swap,3,-300,9,0,4,0.0,vumpus,dumpus,vumpus
swap,3,-100,9,0,4,0.0,vumpus,dumpus,vumpus
swap,3,100,9,0,4,0.0,vumpus,dumpus,vumpus
swap,3,300,9,0,4,0.0,vumpus,dumpus,vumpus
swap,3,600,9,0,4,0.0,vumpus,dumpus,vumpus
swap,3,1200,9,0,4,0.0,vumpus,dumpus,vumpus
swap,4,-1200,9,0,4,0.0,vumpus,dumpus,vumpus
swap,4,-600,9,0,4,0.0,vumpus,dumpus,vumpus
swap,4,-300,9,0,4,0.0,vumpus,dumpus,vumpus
swap,4,-100,9,0,4,0.0,vumpus,dumpus,vumpus
swap,4,100,9,0,4,0.0,vumpus,dumpus,vumpus
swap,4,300,9,0,4,0.0,vumpus,dumpus,vumpus
swap,4,600,9,0,4,0.0,vumpus,dumpus,vumpus
swap,4,1200,9,0,4,0.0,vumpus,dumpus,vumpus
swap,5,-1200,9,0,4,0.0,vumpus,dumpus,vumpus
swap,5,-600,9,0,4,0.0,vumpus,dumpus,vumpus
swap,5,-300,9,0,4,0.0,vumpus,dumpus,vumpus
swap,5,-100,9,0,4,0.0,vumpus,dumpus,vumpus
swap,5,100,9,0,4,0.0,vumpus,dumpus,vumpus
swap,5,300,9,0,4,0.0,vumpus,dumpus,vumpus
swap,5,600,9,0,4,0.0,vumpus,dumpus,vumpus
swap,5,1200,9,0,4,0.0,vumpus,dumpus,vumpus
swap,0,0,10,1,4,0.0,boompus,boompus,terpus
swap,1,-1200,10,1,4,0.0,boompus,boompus,terpus
swap,1,-600,10,1,4,0.0,boompus,boompus,terpus
swap,1,-300,10,1,4,0.0,boompus,boompus,terpus
swap,1,-100,10,1,4,0.0,boompus,boompus,terpus
swap,1,100,10,1,4,0.0,boompus,boompus,terpus
swap,1,300,10,1,4,0.0,boompus,boompus,terpus
swap,1,600,10,1,4,0.0,boompus,boompus,terpus
swap,1,1200,10,1,4,0.0,boompus,boompus,terpus
swap,2,-1200,10,1,4,0.0,boompus,boompus,terpus
swap,2,-600,10,1,4,0.0,boompus,boompus,terpus
swap,2,-300,10,1,4,0.0,boompus,boompus,terpus
swap,2,-100,10,1,4,0.0,boompus,boompus,terpus
swap,2,100,10,1,4,0.0,boompus,boompus,terpus
swap,2,300,10,1,4,0.0,boompus,boompus,terpus
swap,2,600,10,1,4,0.0,boompus,boompus,terpus
swap,2,1200,10,1,4,0.0,boompus,boompus,terpus
swap,3,-1200,10,1,4,0.0,boompus,boompus,terpus
swap,3,-600,10,1,4,0.0,boompus,boompus,terpus
swap,3,-300,10,1,4,0.0,boompus,boompus,terpus
swap,3,-100,10,1,4,0.0,boompus,boompus,terpus
swap,3,100,10,1,4,0.0,boompus,boompus,terpus
swap,3,300,10,1,4,0.0,boompus,boompus,terpus
swap,3,600,10,1,4,0.0,boompus,boompus,terpus
swap,3,1200,10,1,4,0.0,boompus,boompus,terpus
swap,4,-1200,10,1,4,0.0,boompus,boompus,terpus
swap,4,-600,10,1,4,0.0,boompus,boompus,terpus
swap,4,-300,10,1,4,0.0,boompus,boompus,terpus
swap,4,-100,10,1,4,0.0,boompus,boompus,terpus
swap,4,100,10,1,4,0.0,boompus,boompus,terpus
swap,4,300,10,1,4,0.0,boompus,boompus,terpus
swap,4,600,10,1,4,0.0,boompus,boompus,terpus
swap,4,1200,10,1,4,0.0,boompus,boompus,terpus
swap,5,-1200,10,1,4,0.0,boompus,boompus,terpus
swap,5,-600,10,1,4,0.0,boompus,boompus,terpus
swap,5,-300,10,1,4,0.0,boompus,boompus,terpus
swap,5,-100,10,1,4,0.0,boompus,boompus,terpus
swap,5,100,10,1,4,0.0,boompus,boompus,terpus
swap,5,300,10,1,4,0.0,boompus,boompus,terpus
swap,5,600,10,1,4,0.0,boompus,boompus,terpus
swap,5,1200,10,1,4,0.0,boompus,boompus,terpus
swap,0,0,11,0,4,0.0,timpus,rompus,timpus
swap,1,-1200,11,0,4,0.0,timpus,rompus,timpus
swap,1,-600,11,0,4,0.0,timpus,rompus,timpus
swap,1,-300,11,0,4,0.0,timpus,rompus,timpus
swap,1,-100,11,0,4,0.0,timpus,rompus,timpus
swap,1,100,11,0,4,0.0,timpus,rompus,timpus
swap,1,300,11,0,4,0.0,timpus,rompus,timpus
swap,1,600,11,0,4,0.0,timpus,rompus,timpus
swap,1,1200,11,0,4,0.0,timpus,rompus,timpus
swap,2,-1200,11,0,4,0.0,timpus,rompus,timpus
swap,2,-600,11,0,4,0.0,timpus,rompus,timpus
swap,2,-300,11,0,4,0.0,timpus,rompus,timpus
swap,2,-100,11,0,4,0.0,timpus,rompus,timpus
swap,2,100,11,0,4,0.0,timpus,rompus,timpus
swap,2,300,11,0,4,0.0,timpus,rompus,timpus
swap,2,600,11,0,4,0.0,timpus,rompus,timpus
swap,2,1200,11,0,4,0.0,timpus,rompus,timpus
swap,3,-1200,11,0,4,0.0,timpus,rompus,timpus
swap,3,-600,11,0,4,0.0,timpus,rompus,timpus
swap,3,-300,11,0,4,0.0,timpus,rompus,timpus
swap,3,-100,11,0,4,0.0,timpus,rompus,timpus
swap,3,100,11,0,4,0.0,timpus,rompus,timpus
swap,3,300,11,0,4,0.0,timpus,rompus,timpus
swap,3,600,11,0,4,0.0,timpus,rompus,timpus
swap,3,1200,11,0,4,0.0,timpus,rompus,timpus
swap,4,-1200,11,0,4,0.0,timpus,rompus,timpus
swap,4,-600,11,0,4,0.0,timpus,rompus,timpus
swap,4,-300,11,0,4,0.0,timpus,rompus,timpus
swap,4,-100,11,0,4,0.0,timpus,rompus,timpus
swap,4,100,11,0,4,0.0,timpus,rompus,timpus
swap,4,300,11,0,4,0.0,timpus,rompus,timpus
swap,4,600,11,0,4,0.0,timpus,rompus,timpus
swap,4,1200,11,0,4,0.0,timpus,rompus,timpus
swap,5,-1200,11,0,4,0.0,timpus,rompus,timpus
swap,5,-600,11,0,4,0.0,timpus,rompus,timpus
swap,5,-300,11,0,4,0.0,timpus,rompus,timpus
swap,5,-100,11,0,4,0.0,timpus,rompus,timpus
swap,5,100,11,0,4,0.0,timpus,rompus,timpus
swap,5,300,11,0,4,0.0,timpus,rompus,timpus
swap,5,600,11,0,4,0.0,timpus,rompus,timpus
swap,5,1200,11,0,4,0.0,timpus,rompus,timpus
swap,0,0,12,0,4,0.0,hilpus,yumpus,hilpus
swap,1,-1200,12,0,4,0.0,hilpus,yumpus,hilpus
swap,1,-600,12,0,4,0.0,hilpus,yumpus,hilpus
swap,1,-300,12,0,4,0.0,hilpus,yumpus,hilpus
swap,1,-100,12,0,4,0.0,hilpus,yumpus,hilpus
swap,1,100,12,0,4,0.0,hilpus,yumpus,hilpus
swap,1,300,12,0,4,0.0,hilpus,yumpus,hilpus
swap,1,600,12,0,4,0.0,hilpus,yumpus,hilpus
swap,1,1200,12,0,4,0.0,hilpus,yumpus,hilpus
swap,2,-1200,12,0,4,0.0,hilpus,yumpus,hilpus
swap,2,-600,12,0,4,0.0,hilpus,yumpus,hilpus
swap,2,-300,12,0,4,0.0,hilpus,yumpus,hilpus
swap,2,-100,12,0,4,0.0,hilpus,yumpus,hilpus
swap,2,100,12,0,4,0.0,hilpus,yumpus,hilpus
swap,2,300,12,0,4,0.0,hilpus,yumpus,hilpus
swap,2,600,12,0,4,0.0,hilpus,yumpus,hilpus
swap,2,1200,12,0,4,0.0,hilpus,yumpus,hilpus
swap,3,-1200,12,0,4,0.0,hilpus,yumpus,hilpus
swap,3,-600,12,0,4,0.0,hilpus,yumpus,hilpus
swap,3,-300,12,0,4,0.0,hilpus,yumpus,hilpus
swap,3,-100,12,0,4,0.0,hilpus,yumpus,hilpus
swap,3,100,12,0,4,0.0,hilpus,yumpus,hilpus
swap,3,300,12,0,4,0.0,hilpus,yumpus,hilpus
swap,3,600,12,0,4,0.0,hilpus,yumpus,hilpus
swap,3,1200,12,0,4,0.0,hilpus,yumpus,hilpus
swap,4,-1200,12,0,4,0.0,hilpus,yumpus,hilpus
swap,4,-600,12,0,4,0.0,hilpus,yumpus,hilpus
swap,4,-300,12,0,4,0.0,hilpus,yumpus,hilpus
swap,4,-100,12,0,4,0.0,hilpus,yumpus,hilpus
swap,4,100,12,0,4,0.0,hilpus,yumpus,hilpus
swap,4,300,12,0,4,0.0,hilpus,yumpus,hilpus
swap,4,600,12,0,4,0.0,hilpus,yumpus,hilpus
swap,4,1200,12,0,4,0.0,hilpus,yumpus,hilpus
swap,5,-1200,12,0,4,0.0,hilpus,yumpus,hilpus
swap,5,-600,12,0,4,0.0,hilpus,yumpus,hilpus
swap,5,-300,12,0,4,0.0,hilpus,yumpus,hilpus
swap,5,-100,12,0,4,0.0,hilpus,yumpus,hilpus
swap,5,100,12,0,4,0.0,hilpus,yumpus,hilpus
swap,5,300,12,0,4,0.0,hilpus,yumpus,hilpus
swap,5,600,12,0,4,0.0,hilpus,yumpus,hilpus
swap,5,1200,12,0,4,0.0,hilpus,yumpus,hilpus
swap,0,0,13,1,4,0.0,kerpus,kerpus,shumpus
swap,1,-1200,13,1,4,0.0,kerpus,kerpus,shumpus
swap,1,-600,13,1,4,0.0,kerpus,kerpus,shumpus
swap,1,-300,13,1,4,0.0,kerpus,kerpus,shumpus
swap,1,-100,13,1,4,0.0,kerpus,kerpus,shumpus
swap,1,100,13,1,4,0.0,kerpus,kerpus,shumpus
swap,1,300,13,1,4,0.0,kerpus,kerpus,shumpus
swap,1,600,13,1,4,0.0,kerpus,kerpus,shumpus
swap,1,1200,13,1,4,0.0,kerpus,kerpus,shumpus
swap,2,-1200,13,1,4,0.0,kerpus,kerpus,shumpus
swap,2,-600,13,1,4,0.0,kerpus,kerpus,shumpus
swap,2,-300,13,1,4,0.0,kerpus,kerpus,shumpus
swap,2,-100,13,1,4,0.0,kerpus,kerpus,shumpus
swap,2,100,13,1,4,0.0,kerpus,kerpus,shumpus
swap,2,300,13,1,4,0.0,kerpus,kerpus,shumpus
swap,2,600,13,1,4,0.0,kerpus,kerpus,shumpus
swap,2,1200,13,1,4,0.0,kerpus,kerpus,shumpus
swap,3,-1200,13,1,4,0.0,kerpus,kerpus,shumpus
swap,3,-600,13,1,4,0.0,kerpus,kerpus,shumpus
swap,3,-300,13,1,4,0.0,kerpus,kerpus,shumpus
swap,3,-100,13,1,4,0.0,kerpus,kerpus,shumpus
swap,3,100,13,1,4,0.0,kerpus,kerpus,shumpus
swap,3,300,13,1,4,0.0,kerpus,kerpus,shumpus
swap,3,600,13,1,4,0.0,kerpus,kerpus,shumpus
swap,3,1200,13,1,4,0.0,kerpus,kerpus,shumpus
swap,4,-1200,13,1,4,0.0,kerpus,kerpus,shumpus
swap,4,-600,13,1,4,0.0,kerpus,kerpus,shumpus
swap,4,-300,13,1,4,0.0,kerpus,kerpus,shumpus
swap,4,-100,13,1,4,0.0,kerpus,kerpus,shumpus
swap,4,100,13,1,4,0.0,kerpus,kerpus,shumpus
swap,4,300,13,1,4,0.0,kerpus,kerpus,shumpus
swap,4,600,13,1,4,0.0,kerpus,kerpus,shumpus
swap,4,1200,13,1,4,0.0,kerpus,kerpus,shumpus
swap,5,-1200,13,1,4,0.0,kerpus,kerpus,shumpus
swap,5,-600,13,1,4,0.0,kerpus,kerpus,shumpus
swap,5,-300,13,1,4,0.0,kerpus,kerpus,shumpus
swap,5,-100,13,1,4,0.0,kerpus,kerpus,shumpus
swap,5,100,13,1,4,0.0,kerpus,kerpus,shumpus
swap,5,300,13,1,4,0.0,kerpus,kerpus,shumpus
swap,5,600,13,1,4,0.0,kerpus,kerpus,shumpus
swap,5,1200,13,1,4,0.0,kerpus,kerpus,shumpus
swap,0,0,14,1,5,0.0,bompus,bompus,tumpus
swap,1,-1200,14,1,5,0.0,bompus,bompus,tumpus
swap,1,-600,14,1,5,0.0,bompus,bompus,tumpus
swap,1,-300,14,1,5,0.0,bompus,bompus,tumpus
swap,1,-100,14,1,5,0.0,bompus,bompus,tumpus
swap,1,100,14,1,5,0.0,bompus,bompus,tumpus
swap,1,300,14,1,5,0.0,bompus,bompus,tumpus
swap,1,600,14,1,5,0.0,bompus,bompus,tumpus
swap,1,1200,14,1,5,0.0,bompus,bompus,tumpus
swap,2,-1200,14,1,5,0.0,bompus,bompus,tumpus
swap,2,-600,14,1,5,0.0,bompus,bompus,tumpus
swap,2,-300,14,1,5,0.0,bompus,bompus,tumpus
swap,2,-100,14,1,5,0.0,bompus,bompus,tumpus
swap,2,100,14,1,5,0.0,bompus,bompus,tumpus
swap,2,300,14,1,5,0.0,bompus,bompus,tumpus
swap,2,600,14,1,5,0.0,bompus,bompus,tumpus
swap,2,1200,14,1,5,0.0,bompus,bompus,tumpus
swap,3,-1200,14,1,5,0.0,bompus,bompus,tumpus
swap,3,-600,14,1,5,0.0,bompus,bompus,tumpus
swap,3,-300,14,1,5,0.0,bompus,bompus,tumpus
swap,3,-100,14,1,5,0.0,bompus,bompus,tumpus
swap,3,100,14,1,5,0.0,bompus,bompus,tumpus
swap,3,300,14,1,5,0.0,bompus,bompus,tumpus
swap,3,600,14,1,5,0.0,bompus,bompus,tumpus
swap,3,1200,14,1,5,0.0,bompus,bompus,tumpus
swap,4,-1200,14,1,5,0.0,bompus,bompus,tumpus
swap,4,-600,14,1,5,0.0,bompus,bompus,tumpus
swap,4,-300,14,1,5,0.0,bompus,bompus,tumpus
swap,4,-100,14,1,5,0.0,bompus,bompus,tumpus
swap,4,100,14,1,5,0.0,bompus,bompus,tumpus
swap,4,300,14,1,5,0.0,bompus,bompus,tumpus
swap,4,600,14,1,5,0.0,bompus,bompus,tumpus
swap,4,1200,14,1,5,0.0,bompus,bompus,tumpus
swap,5,-1200,14,1,5,0.0,bompus,bompus,tumpus
swap,5,-600,14,1,5,0.0,bompus,bompus,tumpus
swap,5,-300,14,1,5,0.0,bompus,bompus,tumpus
swap,5,-100,14,1,5,0.0,bompus,bompus,tumpus
swap,5,100,14,1,5,0.0,bompus,bompus,tumpus
swap,5,300,14,1,5,0.0,bompus,bompus,tumpus
swap,5,600,14,1,5,0.0,bompus,bompus,tumpus
swap,5,1200,14,1,5,0.0,bompus,bompus,tumpus
swap,0,0,15,1,4,0.0,vumpus,vumpus,rompus
swap,1,-1200,15,1,4,0.0,vumpus,vumpus,rompus
swap,1,-600,15,1,4,0.0,vumpus,vumpus,rompus
swap,1,-300,15,1,4,0.0,vumpus,vumpus,rompus
swap,1,-100,15,1,4,0.0,vumpus,vumpus,rompus
swap,1,100,15,1,4,0.0,vumpus,vumpus,rompus
swap,1,300,15,1,4,0.0,vumpus,vumpus,rompus
swap,1,600,15,1,4,0.0,vumpus,vumpus,rompus
swap,1,1200,15,1,4,0.0,vumpus,vumpus,rompus
swap,2,-1200,15,1,4,0.0,vumpus,vumpus,rompus
swap,2,-600,15,1,4,0.0,vumpus,vumpus,rompus
swap,2,-300,15,1,4,0.0,vumpus,vumpus,rompus
swap,2,-100,15,1,4,0.0,vumpus,vumpus,rompus
swap,2,100,15,1,4,0.0,vumpus,vumpus,rompus
swap,2,300,15,1,4,0.0,vumpus,vumpus,rompus
swap,2,600,15,1,4,0.0,vumpus,vumpus,rompus
swap,2,1200,15,1,4,0.0,vumpus,vumpus,rompus
swap,3,-1200,15,1,4,0.0,vumpus,vumpus,rompus
swap,3,-600,15,1,4,0.0,vumpus,vumpus,rompus
swap,3,-300,15,1,4,0.0,vumpus,vumpus,rompus
swap,3,-100,15,1,4,0.0,vumpus,vumpus,rompus
swap,3,100,15,1,4,0.0,vumpus,vumpus,rompus
swap,3,300,15,1,4,0.0,vumpus,vumpus,rompus
swap,3,600,15,1,4,0.0,vumpus,vumpus,rompus
swap,3,1200,15,1,4,0.0,vumpus,vumpus,rompus
swap,4,-1200,15,1,4,0.0,vumpus,vumpus,rompus
swap,4,-600,15,1,4,0.0,vumpus,vumpus,rompus
swap,4,-300,15,1,4,0.0,vumpus,vumpus,rompus
swap,4,-100,15,1,4,0.0,vumpus,vumpus,rompus
swap,4,100,15,1,4,0.0,vumpus,vumpus,rompus
swap,4,300,15,1,4,0.0,vumpus,vumpus,rompus
swap,4,600,15,1,4,0.0,vumpus,vumpus,rompus
swap,4,1200,15,1,4,0.0,vumpus,vumpus,rompus
swap,5,-1200,15,1,4,0.0,vumpus,vumpus,rompus
swap,5,-600,15,1,4,0.0,vumpus,vumpus,rompus
swap,5,-300,15,1,4,0.0,vumpus,vumpus,rompus
swap,5,-100,15,1,4,0.0,vumpus,vumpus,rompus
swap,5,100,15,1,4,0.0,vumpus,vumpus,rompus
swap,5,300,15,1,4,0.0,vumpus,vumpus,rompus
swap,5,600,15,1,4,0.0,vumpus,vumpus,rompus
swap,5,1200,15,1,4,0.0,vumpus,vumpus,rompus
swap,0,0,16,1,3,0.0,lempus,lempus,grimpus
swap,1,-1200,16,1,3,0.0,lempus,lempus,grimpus
swap,1,-600,16,1,3,0.0,lempus,lempus,grimpus
swap,1,-300,16,1,3,0.0,lempus,lempus,grimpus
swap,1,-100,16,1,3,0.0,lempus,lempus,grimpus
swap,1,100,16,1,3,0.0,lempus,lempus,grimpus
swap,1,300,16,1,3,0.0,lempus,lempus,grimpus
swap,1,600,16,1,3,0.0,lempus,lempus,grimpus
swap,1,1200,16,1,3,0.0,lempus,lempus,grimpus
swap,2,-1200,16,1,3,0.0,lempus,lempus,grimpus
swap,2,-600,16,1,3,0.0,lempus,lempus,grimpus
swap,2,-300,16,1,3,0.0,lempus,lempus,grimpus
swap,2,-100,16,1,3,0.0,lempus,lempus,grimpus
swap,2,100,16,1,3,0.0,lempus,lempus,grimpus
swap,2,300,16,1,3,0.0,lempus,lempus,grimpus
swap,2,600,16,1,3,0.0,lempus,lempus,grimpus
swap,2,1200,16,1,3,0.0,lempus,lempus,grimpus
swap,3,-1200,16,1,3,0.0,lempus,lempus,grimpus
swap,3,-600,16,1,3,0.0,lempus,lempus,grimpus
swap,3,-300,16,1,3,0.0,lempus,lempus,grimpus
swap,3,-100,16,1,3,0.0,lempus,lempus,grimpus
swap,3,100,16,1,3,0.0,lempus,lempus,grimpus
swap,3,300,16,1,3,0.0,lempus,lempus,grimpus
swap,3,600,16,1,3,0.0,lempus,lempus,grimpus
swap,3,1200,16,1,3,0.0,lempus,lempus,grimpus
swap,4,-1200,16,1,3,0.0,lempus,lempus,grimpus
swap,4,-600,16,1,3,0.0,lempus,lempus,grimpus
swap,4,-300,16,1,3,0.0,lempus,lempus,grimpus
swap,4,-100,16,1,3,0.0,lempus,lempus,grimpus
swap,4,100,16,1,3,0.0,lempus,lempus,grimpus
swap,4,300,16,1,3,0.0,lempus,lempus,grimpus
swap,4,600,16,1,3,0.0,lempus,lempus,grimpus
swap,4,1200,16,1,3,0.0,lempus,lempus,grimpus
swap,5,-1200,16,1,3,0.0,lempus,lempus,grimpus
swap,5,-600,16,1,3,0.0,lempus,lempus,grimpus
swap,5,-300,16,1,3,0.0,lempus,lempus,grimpus
swap,5,-100,16,1,3,0.0,lempus,lempus,grimpus
swap,5,100,16,1,3,0.0,lempus,lempus,grimpus
swap,5,300,16,1,3,0.0,lempus,lempus,grimpus
swap,5,600,16,1,3,0.0,lempus,lempus,grimpus
swap,5,1200,16,1,3,0.0,lempus,lempus,grimpus
swap,0,0,17,1,3,0.0,fompus,fompus,bompus
swap,1,-1200,17,1,3,0.0,fompus,fompus,bompus
swap,1,-600,17,1,3,0.0,fompus,fompus,bompus
swap,1,-300,17,1,3,0.0,fompus,fompus,bompus
swap,1,-100,17,1,3,0.0,fompus,fompus,bompus
swap,1,100,17,1,3,0.0,fompus,fompus,bompus
swap,1,300,17,1,3,0.0,fompus,fompus,bompus
swap,1,600,17,1,3,0.0,fompus,fompus,bompus
swap,1,1200,17,1,3,0.0,fompus,fompus,bompus
swap,2,-1200,17,1,3,0.0,fompus,fompus,bompus
swap,2,-600,17,1,3,0.0,fompus,fompus,bompus
swap,2,-300,17,1,3,0.0,fompus,fompus,bompus
swap,2,-100,17,1,3,0.0,fompus,fompus,bompus
swap,2,100,17,1,3,0.0,fompus,fompus,bompus
swap,2,300,17,1,3,0.0,fompus,fompus,bompus
swap,2,600,17,1,3,0.0,fompus,fompus,bompus
swap,2,1200,17,1,3,0.0,fompus,fompus,bompus
swap,3,-1200,17,1,3,0.0,fompus,fompus,bompus
swap,3,-600,17,1,3,0.0,fompus,fompus,bompus
swap,3,-300,17,1,3,0.0,fompus,fompus,bompus
swap,3,-100,17,1,3,0.0,fompus,fompus,bompus
swap,3,100,17,1,3,0.0,fompus,fompus,bompus
swap,3,300,17,1,3,0.0,fompus,fompus,bompus
swap,3,600,17,1,3,0.0,fompus,fompus,bompus
swap,3,1200,17,1,3,0.0,fompus,fompus,bompus
swap,4,-1200,17,1,3,0.0,fompus,fompus,bompus
swap,4,-600,17,1,3,0.0,fompus,fompus,bompus
swap,4,-300,17,1,3,0.0,fompus,fompus,bompus
swap,4,-100,17,1,3,0.0,fompus,fompus,bompus
swap,4,100,17,1,3,0.0,fompus,fompus,bompus
swap,4,300,17,1,3,0.0,fompus,fompus,bompus
swap,4,600,17,1,3,0.0,fompus,fompus,bompus
swap,4,1200,17,1,3,0.0,fompus,fompus,bompus
swap,5,-1200,17,1,3,0.0,fompus,fompus,bompus
swap,5,-600,17,1,3,0.0,fompus,fompus,bompus
swap,5,-300,17,1,3,0.0,fompus,fompus,bompus
swap,5,-100,17,1,3,0.0,fompus,fompus,bompus
swap,5,100,17,1,3,0.0,fompus,fompus,bompus
swap,5,300,17,1,3,0.0,fompus,fompus,bompus
swap,5,600,17,1,3,0.0,fompus,fompus,bompus
swap,5,1200,17,1,3,0.0,fompus,fompus,bompus
swap,0,0,18,1,4,0.0,numpus,numpus,terpus
swap,1,-1200,18,1,4,0.0,numpus,numpus,terpus
swap,1,-600,18,1,4,0.0,numpus,numpus,terpus
swap,1,-300,18,1,4,0.0,numpus,numpus,terpus
swap,1,-100,18,1,4,0.0,numpus,numpus,terpus
swap,1,100,18,1,4,0.0,numpus,numpus,terpus
swap,1,300,18,1,4,0.0,numpus,numpus,terpus
swap,1,600,18,1,4,0.0,numpus,numpus,terpus
swap,1,1200,18,1,4,0.0,numpus,numpus,terpus
swap,2,-1200,18,1,4,0.0,numpus,numpus,terpus
swap,2,-600,18,1,4,0.0,numpus,numpus,terpus
swap,2,-300,18,1,4,0.0,numpus,numpus,terpus
swap,2,-100,18,1,4,0.0,numpus,numpus,terpus
swap,2,100,18,1,4,0.0,numpus,numpus,terpus
swap,2,300,18,1,4,0.0,numpus,numpus,terpus
swap,2,600,18,1,4,0.0,numpus,numpus,terpus
swap,2,1200,18,1,4,0.0,numpus,numpus,terpus
swap,3,-1200,18,1,4,0.0,numpus,numpus,terpus
swap,3,-600,18,1,4,0.0,numpus,numpus,terpus
swap,3,-300,18,1,4,0.0,numpus,numpus,terpus
swap,3,-100,18,1,4,0.0,numpus,numpus,terpus
swap,3,100,18,1,4,0.0,numpus,numpus,terpus
swap,3,300,18,1,4,0.0,numpus,numpus,terpus
swap,3,600,18,1,4,0.0,numpus,numpus,terpus
swap,3,1200,18,1,4,0.0,numpus,numpus,terpus
swap,4,-1200,18,1,4,0.0,numpus,numpus,terpus
swap,4,-600,18,1,4,0.0,numpus,numpus,terpus
swap,4,-300,18,1,4,0.0,numpus,numpus,terpus
swap,4,-100,18,1,4,0.0,numpus,numpus,terpus
swap,4,100,18,1,4,0.0,numpus,numpus,terpus
swap,4,300,18,1,4,0.0,numpus,numpus,terpus
swap,4,600,18,1,4,0.0,numpus,numpus,terpus
swap,4,1200,18,1,4,0.0,numpus,numpus,terpus
swap,5,-1200,18,1,4,0.0,numpus,numpus,terpus
swap,5,-600,18,1,4,0.0,numpus,numpus,terpus
swap,5,-300,18,1,4,0.0,numpus,numpus,terpus
swap,5,-100,18,1,4,0.0,numpus,numpus,terpus
swap,5,100,18,1,4,0.0,numpus,numpus,terpus
swap,5,300,18,1,4,0.0,numpus,numpus,terpus
swap,5,600,18,1,4,0.0,numpus,numpus,terpus
swap,5,1200,18,1,4,0.0,numpus,numpus,terpus
swap,0,0,19,0,4,0.0,numpus,yimpus,numpus
swap,1,-1200,19,0,4,0.0,numpus,yimpus,numpus
swap,1,-600,19,0,4,0.0,numpus,yimpus,numpus
swap,1,-300,19,0,4,0.0,numpus,yimpus,numpus
swap,1,-100,19,0,4,0.0,numpus,yimpus,numpus
swap,1,100,19,0,4,0.0,numpus,yimpus,numpus
swap,1,300,19,0,4,0.0,numpus,yimpus,numpus
swap,1,600,19,0,4,0.0,numpus,yimpus,numpus
swap,1,1200,19,0,4,0.0,numpus,yimpus,numpus
swap,2,-1200,19,0,4,0.0,numpus,yimpus,numpus
swap,2,-600,19,0,4,0.0,numpus,yimpus,numpus
swap,2,-300,19,0,4,0.0,numpus,yimpus,numpus
swap,2,-100,19,0,4,0.0,numpus,yimpus,numpus
swap,2,100,19,0,4,0.0,numpus,yimpus,numpus
swap,2,300,19,0,4,0.0,numpus,yimpus,numpus
swap,2,600,19,0,4,0.0,numpus,yimpus,numpus
swap,2,1200,19,0,4,0.0,numpus,yimpus,numpus
swap,3,-1200,19,0,4,0.0,numpus,yimpus,numpus
swap,3,-600,19,0,4,0.0,numpus,yimpus,numpus
swap,3,-300,19,0,4,0.0,numpus,yimpus,numpus
swap,3,-100,19,0,4,0.0,numpus,yimpus,numpus
swap,3,100,19,0,4,0.0,numpus,yimpus,numpus
swap,3,300,19,0,4,0.0,numpus,yimpus,numpus
swap,3,600,19,0,4,0.0,numpus,yimpus,numpus
swap,3,1200,19,0,4,0.0,numpus,yimpus,numpus
swap,4,-1200,19,0,4,0.0,numpus,yimpus,numpus
swap,4,-600,19,0,4,0.0,numpus,yimpus,numpus
swap,4,-300,19,0,4,0.0,numpus,yimpus,numpus
swap,4,-100,19,0,4,0.0,numpus,yimpus,numpus
swap,4,100,19,0,4,0.0,numpus,yimpus,numpus
swap,4,300,19,0,4,0.0,numpus,yimpus,numpus
swap,4,600,19,0,4,0.0,numpus,yimpus,numpus
swap,4,1200,19,0,4,0.0,numpus,yimpus,numpus
swap,5,-1200,19,0,4,0.0,numpus,yimpus,numpus
swap,5,-600,19,0,4,0.0,numpus,yimpus,numpus
swap,5,-300,19,0,4,0.0,numpus,yimpus,numpus
swap,5,-100,19,0,4,0.0,numpus,yimpus,numpus
swap,5,100,19,0,4,0.0,numpus,yimpus,numpus
swap,5,300,19,0,4,0.0,numpus,yimpus,numpus
swap,5,600,19,0,4,0.0,numpus,yimpus,numpus
swap,5,1200,19,0,4,0.0,numpus,yimpus,numpus
swap,0,0,20,1,4,0.0,jelpus,jelpus,lempus
swap,1,-1200,20,1,4,0.0,jelpus,jelpus,lempus
swap,1,-600,20,1,4,0.0,jelpus,jelpus,lempus
swap,1,-300,20,1,4,0.0,jelpus,jelpus,lempus
swap,1,-100,20,1,4,0.0,jelpus,jelpus,lempus
swap,1,100,20,1,4,0.0,jelpus,jelpus,lempus
swap,1,300,20,1,4,0.0,jelpus,jelpus,lempus
swap,1,600,20,1,4,0.0,jelpus,jelpus,lempus
swap,1,1200,20,1,4,0.0,jelpus,jelpus,lempus
swap,2,-1200,20,1,4,0.0,jelpus,jelpus,lempus
swap,2,-600,20,1,4,0.0,jelpus,jelpus,lempus
swap,2,-300,20,1,4,0.0,jelpus,jelpus,lempus
swap,2,-100,20,1,4,0.0,jelpus,jelpus,lempus
swap,2,100,20,1,4,0.0,jelpus,jelpus,lempus
swap,2,300,20,1,4,0.0,jelpus,jelpus,lempus
swap,2,600,20,1,4,0.0,jelpus,jelpus,lempus
swap,2,1200,20,1,4,0.0,jelpus,jelpus,lempus
swap,3,-1200,20,1,4,0.0,jelpus,jelpus,lempus
swap,3,-600,20,1,4,0.0,jelpus,jelpus,lempus
swap,3,-300,20,1,4,0.0,jelpus,jelpus,lempus
swap,3,-100,20,1,4,0.0,jelpus,jelpus,lempus
swap,3,100,20,1,4,0.0,jelpus,jelpus,lempus
swap,3,300,20,1,4,0.0,jelpus,jelpus,lempus
swap,3,600,20,1,4,0.0,jelpus,jelpus,lempus
swap,3,1200,20,1,4,0.0,jelpus,jelpus,lempus
swap,4,-1200,20,1,4,0.0,jelpus,jelpus,lempus
swap,4,-600,20,1,4,0.0,jelpus,jelpus,lempus
swap,4,-300,20,1,4,0.0,jelpus,jelpus,lempus
swap,4,-100,20,1,4,0.0,jelpus,jelpus,lempus
swap,4,100,20,1,4,0.0,jelpus,jelpus,lempus
swap,4,300,20,1,4,0.0,jelpus,jelpus,lempus
swap,4,600,20,1,4,0.0,jelpus,jelpus,lempus
swap,4,1200,20,1,4,0.0,jelpus,jelpus,lempus
swap,5,-1200,20,1,4,0.0,jelpus,jelpus,lempus
swap,5,-600,20,1,4,0.0,jelpus,jelpus,lempus
swap,5,-300,20,1,4,0.0,jelpus,jelpus,lempus
swap,5,-100,20,1,4,0.0,jelpus,jelpus,lempus
swap,5,100,20,1,4,0.0,jelpus,jelpus,lempus
swap,5,300,20,1,4,0.0,jelpus,jelpus,lempus
swap,5,600,20,1,4,0.0,jelpus,jelpus,lempus
swap,5,1200,20,1,4,0.0,jelpus,jelpus,lempus
swap,0,0,21,0,3,0.0,fompus,gorpus,fompus
swap,1,-1200,21,0,3,0.0,fompus,gorpus,fompus
swap,1,-600,21,0,3,0.0,fompus,gorpus,fompus
swap,1,-300,21,0,3,0.0,fompus,gorpus,fompus
swap,1,-100,21,0,3,0.0,fompus,gorpus,fompus
swap,1,100,21,0,3,0.0,fompus,gorpus,fompus
swap,1,300,21,0,3,0.0,fompus,gorpus,fompus
swap,1,600,21,0,3,0.0,fompus,gorpus,fompus
swap,1,1200,21,0,3,0.0,fompus,gorpus,fompus
swap,2,-1200,21,0,3,0.0,fompus,gorpus,fompus
swap,2,-600,21,0,3,0.0,fompus,gorpus,fompus
swap,2,-300,21,0,3,0.0,fompus,gorpus,fompus
swap,2,-100,21,0,3,0.0,fompus,gorpus,fompus
swap,2,100,21,0,3,0.0,fompus,gorpus,fompus
swap,2,300,21,0,3,0.0,fompus,gorpus,fompus
swap,2,600,21,0,3,0.0,fompus,gorpus,fompus
swap,2,1200,21,0,3,0.0,fompus,gorpus,fompus
swap,3,-1200,21,0,3,0.0,fompus,gorpus,fompus
swap,3,-600,21,0,3,0.0,fompus,gorpus,fompus
swap,3,-300,21,0,3,0.0,fompus,gorpus,fompus
swap,3,-100,21,0,3,0.0,fompus,gorpus,fompus
swap,3,100,21,0,3,0.0,fompus,gorpus,fompus
swap,3,300,21,0,3,0.0,fompus,gorpus,fompus
swap,3,600,21,0,3,0.0,fompus,gorpus,fompus
swap,3,1200,21,0,3,0.0,fompus,gorpus,fompus
swap,4,-1200,21,0,3,0.0,fompus,gorpus,fompus
swap,4,-600,21,0,3,0.0,fompus,gorpus,fompus
swap,4,-300,21,0,3,0.0,fompus,gorpus,fompus
swap,4,-100,21,0,3,0.0,fompus,gorpus,fompus
swap,4,100,21,0,3,0.0,fompus,gorpus,fompus
swap,4,300,21,0,3,0.0,fompus,gorpus,fompus
swap,4,600,21,0,3,0.0,fompus,gorpus,fompus
swap,4,1200,21,0,3,0.0,fompus,gorpus,fompus
swap,5,-1200,21,0,3,0.0,fompus,gorpus,fompus
swap,5,-600,21,0,3,0.0,fompus,gorpus,fompus
swap,5,-300,21,0,3,0.0,fompus,gorpus,fompus
swap,5,-100,21,0,3,0.0,fompus,gorpus,fompus
swap,5,100,21,0,3,0.0,fompus,gorpus,fompus
swap,5,300,21,0,3,0.0,fompus,gorpus,fompus
swap,5,600,21,0,3,0.0,fompus,gorpus,fompus
swap,5,1200,21,0,3,0.0,fompus,gorpus,fompus
swap,0,0,22,1,3,0.0,wumpus,wumpus,gorpus
swap,1,-1200,22,1,3,0.0,wumpus,wumpus,gorpus
swap,1,-600,22,1,3,0.0,wumpus,wumpus,gorpus
swap,1,-300,22,1,3,0.0,wumpus,wumpus,gorpus
swap,1,-100,22,1,3,0.0,wumpus,wumpus,gorpus
swap,1,100,22,1,3,0.0,wumpus,wumpus,gorpus
swap,1,300,22,1,3,0.0,wumpus,wumpus,gorpus
swap,1,600,22,1,3,0.0,wumpus,wumpus,gorpus
swap,1,1200,22,1,3,0.0,wumpus,wumpus,gorpus
swap,2,-1200,22,1,3,0.0,wumpus,wumpus,gorpus
swap,2,-600,22,1,3,0.0,wumpus,wumpus,gorpus
swap,2,-300,22,1,3,0.0,wumpus,wumpus,gorpus
swap,2,-100,22,1,3,0.0,wumpus,wumpus,gorpus
swap,2,100,22,1,3,0.0,wumpus,wumpus,gorpus
swap,2,300,22,1,3,0.0,wumpus,wumpus,gorpus
swap,2,600,22,1,3,0.0,wumpus,wumpus,gorpus
swap,2,1200,22,1,3,0.0,wumpus,wumpus,gorpus
swap,3,-1200,22,1,3,0.0,wumpus,wumpus,gorpus
swap,3,-600,22,1,3,0.0,wumpus,wumpus,gorpus
swap,3,-300,22,1,3,0.0,wumpus,wumpus,gorpus
swap,3,-100,22,1,3,0.0,wumpus,wumpus,gorpus
swap,3,100,22,1,3,0.0,wumpus,wumpus,gorpus
swap,3,300,22,1,3,0.0,wumpus,wumpus,gorpus
swap,3,600,22,1,3,0.0,wumpus,wumpus,gorpus
swap,3,1200,22,1,3,0.0,wumpus,wumpus,gorpus
swap,4,-1200,22,1,3,0.0,wumpus,wumpus,gorpus
swap,4,-600,22,1,3,0.0,wumpus,wumpus,gorpus
swap,4,-300,22,1,3,0.0,wumpus,wumpus,gorpus
swap,4,-100,22,1,3,0.0,wumpus,wumpus,gorpus
swap,4,100,22,1,3,0.0,wumpus,wumpus,gorpus
swap,4,300,22,1,3,0.0,wumpus,wumpus,gorpus
swap,4,600,22,1,3,0.0,wumpus,wumpus,gorpus
swap,4,1200,22,1,3,0.0,wumpus,wumpus,gorpus
swap,5,-1200,22,1,3,0.0,wumpus,wumpus,gorpus
swap,5,-600,22,1,3,0.0,wumpus,wumpus,gorpus
swap,5,-300,22,1,3,0.0,wumpus,wumpus,gorpus
swap,5,-100,22,1,3,0.0,wumpus,wumpus,gorpus
swap,5,100,22,1,3,0.0,wumpus,wumpus,gorpus
swap,5,300,22,1,3,0.0,wumpus,wumpus,gorpus
swap,5,600,22,1,3,0.0,wumpus,wumpus,gorpus
swap,5,1200,22,1,3,0.0,wumpus,wumpus,gorpus
swap,0,0,23,1,3,0.0,terpus,terpus,jompus
swap,1,-1200,23,1,3,0.0,terpus,terpus,jompus
swap,1,-600,23,1,3,0.0,terpus,terpus,jompus
swap,1,-300,23,1,3,0.0,terpus,terpus,jompus
swap,1,-100,23,1,3,0.0,terpus,terpus,jompus
swap,1,100,23,1,3,0.0,terpus,terpus,jompus
swap,1,300,23,1,3,0.0,terpus,terpus,jompus
swap,1,600,23,1,3,0.0,terpus,terpus,jompus
swap,1,1200,23,1,3,0.0,terpus,terpus,jompus
swap,2,-1200,23,1,3,0.0,terpus,terpus,jompus
swap,2,-600,23,1,3,0.0,terpus,terpus,jompus
swap,2,-300,23,1,3,0.0,terpus,terpus,jompus
swap,2,-100,23,1,3,0.0,terpus,terpus,jompus
swap,2,100,23,1,3,0.0,terpus,terpus,jompus
swap,2,300,23,1,3,0.0,terpus,terpus,jompus
swap,2,600,23,1,3,0.0,terpus,terpus,jompus
swap,2,1200,23,1,3,0.0,terpus,terpus,jompus
swap,3,-1200,23,1,3,0.0,terpus,terpus,jompus
swap,3,-600,23,1,3,0.0,terpus,terpus,jompus
swap,3,-300,23,1,3,0.0,terpus,terpus,jompus
swap,3,-100,23,1,3,0.0,terpus,terpus,jompus
swap,3,100,23,1,3,0.0,terpus,terpus,jompus
swap,3,300,23,1,3,0.0,terpus,terpus,jompus
swap,3,600,23,1,3,0.0,terpus,terpus,jompus
swap,3,1200,23,1,3,0.0,terpus,terpus,jompus
swap,4,-1200,23,1,3,0.0,terpus,terpus,jompus
swap,4,-600,23,1,3,0.0,terpus,terpus,jompus
swap,4,-300,23,1,3,0.0,terpus,terpus,jompus
swap,4,-100,23,1,3,0.0,terpus,terpus,jompus
swap,4,100,23,1,3,0.0,terpus,terpus,jompus
swap,4,300,23,1,3,0.0,terpus,terpus,jompus
swap,4,600,23,1,3,0.0,terpus,terpus,jompus
swap,4,1200,23,1,3,0.0,terpus,terpus,jompus
swap,5,-1200,23,1,3,0.0,terpus,terpus,jompus
swap,5,-600,23,1,3,0.0,terpus,terpus,jompus
swap,5,-300,23,1,3,0.0,terpus,terpus,jompus
swap,5,-100,23,1,3,0.0,terpus,terpus,jompus
swap,5,100,23,1,3,0.0,terpus,terpus,jompus
swap,5,300,23,1,3,0.0,terpus,terpus,jompus
swap,5,600,23,1,3,0.0,terpus,terpus,jompus
swap,5,1200,23,1,3,0.0,terpus,terpus,jompus
swap,0,0,24,0,3,0.0,gorpus,vumpus,gorpus
swap,1,-1200,24,0,3,0.0,gorpus,vumpus,gorpus
swap,1,-600,24,1,3,0.0,vumpus,vumpus,gorpus
swap,1,-300,24,1,3,0.0,vumpus,vumpus,gorpus
swap,1,-100,24,0,3,0.0,gorpus,vumpus,gorpus
swap,1,100,24,0,3,0.0,gorpus,vumpus,gorpus
swap,1,300,24,0,3,0.0,gorpus,vumpus,gorpus
swap,1,600,24,0,3,0.0,gorpus,vumpus,gorpus
swap,1,1200,24,0,3,0.0,gorpus,vumpus,gorpus
swap,2,-1200,24,0,3,0.0,gorpus,vumpus,gorpus
swap,2,-600,24,0,3,0.0,gorpus,vumpus,gorpus
swap,2,-300,24,0,3,0.0,gorpus,vumpus,gorpus
swap,2,-100,24,0,3,0.0,gorpus,vumpus,gorpus
swap,2,100,24,0,3,0.0,gorpus,vumpus,gorpus
swap,2,300,24,0,3,0.0,gorpus,vumpus,gorpus
swap,2,600,24,0,3,0.0,gorpus,vumpus,gorpus
swap,2,1200,24,1,3,0.0,vumpus,vumpus,gorpus
swap,3,-1200,24,0,3,0.0,gorpus,vumpus,gorpus
swap,3,-600,24,0,3,0.0,gorpus,vumpus,gorpus
swap,3,-300,24,0,3,0.0,gorpus,vumpus,gorpus
swap,3,-100,24,0,3,0.0,gorpus,vumpus,gorpus
swap,3,100,24,0,3,0.0,gorpus,vumpus,gorpus
swap,3,300,24,0,3,0.0,gorpus,vumpus,gorpus
swap,3,600,24,0,3,0.0,gorpus,vumpus,gorpus
swap,3,1200,24,0,3,0.0,gorpus,vumpus,gorpus
swap,4,-1200,24,0,3,0.0,gorpus,vumpus,gorpus
swap,4,-600,24,0,3,0.0,gorpus,vumpus,gorpus
swap,4,-300,24,0,3,0.0,gorpus,vumpus,gorpus
swap,4,-100,24,0,3,0.0,gorpus,vumpus,gorpus
swap,4,100,24,0,3,0.0,gorpus,vumpus,gorpus
swap,4,300,24,0,3,0.0,gorpus,vumpus,gorpus
swap,4,600,24,0,3,0.0,gorpus,vumpus,gorpus
swap,4,1200,24,0,3,0.0,gorpus,vumpus,gorpus
swap,5,-1200,24,0,3,0.0,gorpus,vumpus,gorpus
swap,5,-600,24,0,3,0.0,gorpus,vumpus,gorpus
swap,5,-300,24,0,3,0.0,gorpus,vumpus,gorpus
swap,5,-100,24,0,3,0.0,gorpus,vumpus,gorpus
swap,5,100,24,0,3,0.0,gorpus,vumpus,gorpus
swap,5,300,24,0,3,0.0,gorpus,vumpus,gorpus
swap,5,600,24,0,3,0.0,gorpus,vumpus,gorpus
swap,5,1200,24,0,3,0.0,gorpus,vumpus,gorpus
swap,0,0,25,1,3,0.0,worpus,worpus,impus
swap,1,-1200,25,1,3,0.0,worpus,worpus,impus
swap,1,-600,25,1,3,0.0,worpus,worpus,impus
swap,1,-300,25,1,3,0.0,worpus,worpus,impus
swap,1,-100,25,1,3,0.0,worpus,worpus,impus
swap,1,100,25,1,3,0.0,worpus,worpus,impus
swap,1,300,25,1,3,0.0,worpus,worpus,impus
swap,1,600,25,1,3,0.0,worpus,worpus,impus
swap,1,1200,25,1,3,0.0,worpus,worpus,impus
swap,2,-1200,25,1,3,0.0,worpus,worpus,impus
swap,2,-600,25,1,3,0.0,worpus,worpus,impus
swap,2,-300,25,1,3,0.0,worpus,worpus,impus
swap,2,-100,25,1,3,0.0,worpus,worpus,impus
swap,2,100,25,1,3,0.0,worpus,worpus,impus
swap,2,300,25,1,3,0.0,worpus,worpus,impus
swap,2,600,25,1,3,0.0,worpus,worpus,impus
swap,2,1200,25,1,3,0.0,worpus,worpus,impus
swap,3,-1200,25,1,3,0.0,worpus,worpus,impus
swap,3,-600,25,1,3,0.0,worpus,worpus,impus
swap,3,-300,25,1,3,0.0,worpus,worpus,impus
swap,3,-100,25,1,3,0.0,worpus,worpus,impus
swap,3,100,25,1,3,0.0,worpus,worpus,impus
swap,3,300,25,1,3,0.0,worpus,worpus,impus
swap,3,600,25,1,3,0.0,worpus,worpus,impus
swap,3,1200,25,1,3,0.0,worpus,worpus,impus
swap,4,-1200,25,1,3,0.0,worpus,worpus,impus
swap,4,-600,25,1,3,0.0,worpus,worpus,impus
swap,4,-300,25,1,3,0.0,worpus,worpus,impus
swap,4,-100,25,1,3,0.0,worpus,worpus,impus
swap,4,100,25,1,3,0.0,worpus,worpus,impus
swap,4,300,25,1,3,0.0,worpus,worpus,impus
swap,4,600,25,1,3,0.0,worpus,worpus,impus
swap,4,1200,25,1,3,0.0,worpus,worpus,impus
swap,5,-1200,25,1,3,0.0,worpus,worpus,impus
swap,5,-600,25,1,3,0.0,worpus,worpus,impus
swap,5,-300,25,1,3,0.0,worpus,worpus,impus
swap,5,-100,25,1,3,0.0,worpus,worpus,impus
swap,5,100,25,1,3,0.0,worpus,worpus,impus
swap,5,300,25,1,3,0.0,worpus,worpus,impus
swap,5,600,25,1,3,0.0,worpus,worpus,impus
swap,5,1200,25,1,3,0.0,worpus,worpus,impus
swap,0,0,26,1,3,0.0,worpus,worpus,wumpus
swap,1,-1200,26,1,3,0.0,worpus,worpus,wumpus
swap,1,-600,26,1,3,0.0,worpus,worpus,wumpus
swap,1,-300,26,1,3,0.0,worpus,worpus,wumpus
swap,1,-100,26,1,3,0.0,worpus,worpus,wumpus
swap,1,100,26,1,3,0.0,worpus,worpus,wumpus
swap,1,300,26,1,3,0.0,worpus,worpus,wumpus
swap,1,600,26,1,3,0.0,worpus,worpus,wumpus
swap,1,1200,26,1,3,0.0,worpus,worpus,wumpus
swap,2,-1200,26,1,3,0.0,worpus,worpus,wumpus
swap,2,-600,26,1,3,0.0,worpus,worpus,wumpus
swap,2,-300,26,1,3,0.0,worpus,worpus,wumpus
swap,2,-100,26,1,3,0.0,worpus,worpus,wumpus
swap,2,100,26,1,3,0.0,worpus,worpus,wumpus
swap,2,300,26,1,3,0.0,worpus,worpus,wumpus
swap,2,600,26,1,3,0.0,worpus,worpus,wumpus
swap,2,1200,26,1,3,0.0,worpus,worpus,wumpus
swap,3,-1200,26,1,3,0.0,worpus,worpus,wumpus
swap,3,-600,26,1,3,0.0,worpus,worpus,wumpus
swap,3,-300,26,1,3,0.0,worpus,worpus,wumpus
swap,3,-100,26,1,3,0.0,worpus,worpus,wumpus
swap,3,100,26,1,3,0.0,worpus,worpus,wumpus
swap,3,300,26,1,3,0.0,worpus,worpus,wumpus
swap,3,600,26,1,3,0.0,worpus,worpus,wumpus
swap,3,1200,26,1,3,0.0,worpus,worpus,wumpus
swap,4,-1200,26,1,3,0.0,worpus,worpus,wumpus
swap,4,-600,26,1,3,0.0,worpus,worpus,wumpus
swap,4,-300,26,1,3,0.0,worpus,worpus,wumpus
swap,4,-100,26,1,3,0.0,worpus,worpus,wumpus
swap,4,100,26,1,3,0.0,worpus,worpus,wumpus
swap,4,300,26,1,3,0.0,worpus,worpus,wumpus
swap,4,600,26,1,3,0.0,worpus,worpus,wumpus
swap,4,1200,26,1,3,0.0,worpus,worpus,wumpus
swap,5,-1200,26,1,3,0.0,worpus,worpus,wumpus
swap,5,-600,26,1,3,0.0,worpus,worpus,wumpus
swap,5,-300,26,1,3,0.0,worpus,worpus,wumpus
swap,5,-100,26,1,3,0.0,worpus,worpus,wumpus
swap,5,100,26,1,3,0.0,worpus,worpus,wumpus
swap,5,300,26,1,3,0.0,worpus,worpus,wumpus
swap,5,600,26,1,3,0.0,worpus,worpus,wumpus
swap,5,1200,26,1,3,0.0,worpus,worpus,wumpus
swap,0,0,27,1,4,0.0,vumpus,vumpus,zhorpus
swap,1,-1200,27,1,4,0.0,vumpus,vumpus,zhorpus
swap,1,-600,27,1,4,0.0,vumpus,vumpus,zhorpus
swap,1,-300,27,1,4,0.0,vumpus,vumpus,zhorpus
swap,1,-100,27,1,4,0.0,vumpus,vumpus,zhorpus
swap,1,100,27,1,4,0.0,vumpus,vumpus,zhorpus
swap,1,300,27,1,4,0.0,vumpus,vumpus,zhorpus
swap,1,600,27,1,4,0.0,vumpus,vumpus,zhorpus
swap,1,1200,27,1,4,0.0,vumpus,vumpus,zhorpus
swap,2,-1200,27,1,4,0.0,vumpus,vumpus,zhorpus
swap,2,-600,27,1,4,0.0,vumpus,vumpus,zhorpus
swap,2,-300,27,1,4,0.0,vumpus,vumpus,zhorpus
swap,2,-100,27,1,4,0.0,vumpus,vumpus,zhorpus
swap,2,100,27,1,4,0.0,vumpus,vumpus,zhorpus
swap,2,300,27,1,4,0.0,vumpus,vumpus,zhorpus
swap,2,600,27,1,4,0.0,vumpus,vumpus,zhorpus
swap,2,1200,27,1,4,0.0,vumpus,vumpus,zhorpus
swap,3,-1200,27,1,4,0.0,vumpus,vumpus,zhorpus
swap,3,-600,27,1,4,0.0,vumpus,vumpus,zhorpus
swap,3,-300,27,1,4,0.0,vumpus,vumpus,zhorpus
swap,3,-100,27,1,4,0.0,vumpus,vumpus,zhorpus
swap,3,100,27,1,4,0.0,vumpus,vumpus,zhorpus
swap,3,300,27,1,4,0.0,vumpus,vumpus,zhorpus
swap,3,600,27,1,4,0.0,vumpus,vumpus,zhorpus
swap,3,1200,27,1,4,0.0,vumpus,vumpus,zhorpus
swap,4,-1200,27,1,4,0.0,vumpus,vumpus,zhorpus
swap,4,-600,27,1,4,0.0,vumpus,vumpus,zhorpus
swap,4,-300,27,1,4,0.0,vumpus,vumpus,zhorpus
swap,4,-100,27,1,4,0.0,vumpus,vumpus,zhorpus
swap,4,100,27,1,4,0.0,vumpus,vumpus,zhorpus
swap,4,300,27,1,4,0.0,vumpus,vumpus,zhorpus
swap,4,600,27,1,4,0.0,vumpus,vumpus,zhorpus
swap,4,1200,27,1,4,0.0,vumpus,vumpus,zhorpus
swap,5,-1200,27,1,4,0.0,vumpus,vumpus,zhorpus
swap,5,-600,27,1,4,0.0,vumpus,vumpus,zhorpus
swap,5,-300,27,1,4,0.0,vumpus,vumpus,zhorpus
swap,5,-100,27,1,4,0.0,vumpus,vumpus,zhorpus
swap,5,100,27,1,4,0.0,vumpus,vumpus,zhorpus
swap,5,300,27,1,4,0.0,vumpus,vumpus,zhorpus
swap,5,600,27,1,4,0.0,vumpus,vumpus,zhorpus
swap,5,1200,27,1,4,0.0,vumpus,vumpus,zhorpus
swap,0,0,28,1,4,0.0,rorpus,rorpus,boompus
swap,1,-1200,28,1,4,0.0,rorpus,rorpus,boompus
swap,1,-600,28,1,4,0.0,rorpus,rorpus,boompus
swap,1,-300,28,1,4,0.0,rorpus,rorpus,boompus
swap,1,-100,28,1,4,0.0,rorpus,rorpus,boompus
swap,1,100,28,1,4,0.0,rorpus,rorpus,boompus
swap,1,300,28,1,4,0.0,rorpus,rorpus,boompus
swap,1,600,28,1,4,0.0,rorpus,rorpus,boompus
swap,1,1200,28,1,4,0.0,rorpus,rorpus,boompus
swap,2,-1200,28,1,4,0.0,rorpus,rorpus,boompus
swap,2,-600,28,1,4,0.0,rorpus,rorpus,boompus
swap,2,-300,28,1,4,0.0,rorpus,rorpus,boompus
swap,2,-100,28,1,4,0.0,rorpus,rorpus,boompus
swap,2,100,28,1,4,0.0,rorpus,rorpus,boompus
swap,2,300,28,1,4,0.0,rorpus,rorpus,boompus
swap,2,600,28,1,4,0.0,rorpus,rorpus,boompus
swap,2,1200,28,1,4,0.0,rorpus,rorpus,boompus
swap,3,-1200,28,1,4,0.0,rorpus,rorpus,boompus
swap,3,-600,28,1,4,0.0,rorpus,rorpus,boompus
swap,3,-300,28,1,4,0.0,rorpus,rorpus,boompus
swap,3,-100,28,1,4,0.0,rorpus,rorpus,boompus
swap,3,100,28,1,4,0.0,rorpus,rorpus,boompus
swap,3,300,28,1,4,0.0,rorpus,rorpus,boompus
swap,3,600,28,1,4,0.0,rorpus,rorpus,boompus
swap,3,1200,28,1,4,0.0,rorpus,rorpus,boompus
swap,4,-1200,28,1,4,0.0,rorpus,rorpus,boompus
swap,4,-600,28,1,4,0.0,rorpus,rorpus,boompus
swap,4,-300,28,1,4,0.0,rorpus,rorpus,boompus
swap,4,-100,28,1,4,0.0,rorpus,rorpus,boompus
swap,4,100,28,1,4,0.0,rorpus,rorpus,boompus
swap,4,300,28,1,4,0.0,rorpus,rorpus,boompus
swap,4,600,28,1,4,0.0,rorpus,rorpus,boompus
swap,4,1200,28,1,4,0.0,rorpus,rorpus,boompus
swap,5,-1200,28,1,4,0.0,rorpus,rorpus,boompus
swap,5,-600,28,1,4,0.0,rorpus,rorpus,boompus
swap,5,-300,28,1,4,0.0,rorpus,rorpus,boompus
swap,5,-100,28,1,4,0.0,rorpus,rorpus,boompus
swap,5,100,28,1,4,0.0,rorpus,rorpus,boompus
swap,5,300,28,1,4,0.0,rorpus,rorpus,boompus
swap,5,600,28,1,4,0.0,rorpus,rorpus,boompus
swap,5,1200,28,1,4,0.0,rorpus,rorpus,boompus
swap,0,0,29,1,5,0.0,brimpus,brimpus,gorpus
swap,1,-1200,29,1,5,0.0,brimpus,brimpus,gorpus
swap,1,-600,29,1,5,0.0,brimpus,brimpus,gorpus
swap,1,-300,29,1,5,0.0,brimpus,brimpus,gorpus
swap,1,-100,29,1,5,0.0,brimpus,brimpus,gorpus
swap,1,100,29,1,5,0.0,brimpus,brimpus,gorpus
swap,1,300,29,1,5,0.0,brimpus,brimpus,gorpus
swap,1,600,29,1,5,0.0,brimpus,brimpus,gorpus
swap,1,1200,29,1,5,0.0,brimpus,brimpus,gorpus
swap,2,-1200,29,1,5,0.0,brimpus,brimpus,gorpus
swap,2,-600,29,1,5,0.0,brimpus,brimpus,gorpus
swap,2,-300,29,1,5,0.0,brimpus,brimpus,gorpus
swap,2,-100,29,1,5,0.0,brimpus,brimpus,gorpus
swap,2,100,29,1,5,0.0,brimpus,brimpus,gorpus
swap,2,300,29,1,5,0.0,brimpus,brimpus,gorpus
swap,2,600,29,1,5,0.0,brimpus,brimpus,gorpus
swap,2,1200,29,1,5,0.0,brimpus,brimpus,gorpus
swap,3,-1200,29,1,5,0.0,brimpus,brimpus,gorpus
swap,3,-600,29,1,5,0.0,brimpus,brimpus,gorpus
swap,3,-300,29,1,5,0.0,brimpus,brimpus,gorpus
swap,3,-100,29,1,5,0.0,brimpus,brimpus,gorpus
swap,3,100,29,1,5,0.0,brimpus,brimpus,gorpus
swap,3,300,29,1,5,0.0,brimpus,brimpus,gorpus
swap,3,600,29,1,5,0.0,brimpus,brimpus,gorpus
swap,3,1200,29,1,5,0.0,brimpus,brimpus,gorpus
swap,4,-1200,29,1,5,0.0,brimpus,brimpus,gorpus
swap,4,-600,29,1,5,0.0,brimpus,brimpus,gorpus
swap,4,-300,29,1,5,0.0,brimpus,brimpus,gorpus
swap,4,-100,29,1,5,0.0,brimpus,brimpus,gorpus
swap,4,100,29,1,5,0.0,brimpus,brimpus,gorpus
swap,4,300,29,1,5,0.0,brimpus,brimpus,gorpus
swap,4,600,29,1,5,0.0,brimpus,brimpus,gorpus
swap,4,1200,29,1,5,0.0,brimpus,brimpus,gorpus
swap,5,-1200,29,1,5,0.0,brimpus,brimpus,gorpus
swap,5,-600,29,1,5,0.0,brimpus,brimpus,gorpus
swap,5,-300,29,1,5,0.0,brimpus,brimpus,gorpus
swap,5,-100,29,1,5,0.0,brimpus,brimpus,gorpus
swap,5,100,29,1,5,0.0,brimpus,brimpus,gorpus
swap,5,300,29,1,5,0.0,brimpus,brimpus,gorpus
swap,5,600,29,1,5,0.0,brimpus,brimpus,gorpus
swap,5,1200,29,1,5,0.0,brimpus,brimpus,gorpus
swap,0,0,30,1,5,0.0,zhorpus,zhorpus,chorpus
swap,1,-1200,30,1,5,0.0,zhorpus,zhorpus,chorpus
swap,1,-600,30,1,5,0.0,zhorpus,zhorpus,chorpus
swap,1,-300,30,1,5,0.0,zhorpus,zhorpus,chorpus
swap,1,-100,30,1,5,0.0,zhorpus,zhorpus,chorpus
swap,1,100,30,1,5,0.0,zhorpus,zhorpus,chorpus
swap,1,300,30,1,5,0.0,zhorpus,zhorpus,chorpus
swap,1,600,30,1,5,0.0,zhorpus,zhorpus,chorpus
swap,1,1200,30,1,5,0.0,zhorpus,zhorpus,chorpus
swap,2,-1200,30,1,5,0.0,zhorpus,zhorpus,chorpus
swap,2,-600,30,1,5,0.0,zhorpus,zhorpus,chorpus
swap,2,-300,30,1,5,0.0,zhorpus,zhorpus,chorpus
swap,2,-100,30,1,5,0.0,zhorpus,zhorpus,chorpus
swap,2,100,30,1,5,0.0,zhorpus,zhorpus,chorpus
swap,2,300,30,1,5,0.0,zhorpus,zhorpus,chorpus
swap,2,600,30,1,5,0.0,zhorpus,zhorpus,chorpus
swap,2,1200,30,1,5,0.0,zhorpus,zhorpus,chorpus
swap,3,-1200,30,1,5,0.0,zhorpus,zhorpus,chorpus
swap,3,-600,30,1,5,0.0,zhorpus,zhorpus,chorpus
swap,3,-300,30,1,5,0.0,zhorpus,zhorpus,chorpus
swap,3,-100,30,1,5,0.0,zhorpus,zhorpus,chorpus
swap,3,100,30,1,5,0.0,zhorpus,zhorpus,chorpus
swap,3,300,30,1,5,0.0,zhorpus,zhorpus,chorpus
swap,3,600,30,1,5,0.0,zhorpus,zhorpus,chorpus
swap,3,1200,30,1,5,0.0,zhorpus,zhorpus,chorpus
swap,4,-1200,30,1,5,0.0,zhorpus,zhorpus,chorpus
swap,4,-600,30,1,5,0.0,zhorpus,zhorpus,chorpus
swap,4,-300,30,1,5,0.0,zhorpus,zhorpus,chorpus
swap,4,-100,30,1,5,0.0,zhorpus,zhorpus,chorpus
swap,4,100,30,1,5,0.0,zhorpus,zhorpus,chorpus
swap,4,300,30,1,5,0.0,zhorpus,zhorpus,chorpus
swap,4,600,30,1,5,0.0,zhorpus,zhorpus,chorpus
swap,4,1200,30,1,5,0.0,zhorpus,zhorpus,chorpus
swap,5,-1200,30,1,5,0.0,zhorpus,zhorpus,chorpus
swap,5,-600,30,1,5,0.0,zhorpus,zhorpus,chorpus
swap,5,-300,30,1,5,0.0,zhorpus,zhorpus,chorpus
swap,5,-100,30,1,5,0.0,zhorpus,zhorpus,chorpus
swap,5,100,30,1,5,0.0,zhorpus,zhorpus,chorpus
swap,5,300,30,1,5,0.0,zhorpus,zhorpus,chorpus
swap,5,600,30,1,5,0.0,zhorpus,zhorpus,chorpus
swap,5,1200,30,1,5,0.0,zhorpus,zhorpus,chorpus
swap,0,0,31,1,3,0.0,wumpus,wumpus,bompus
swap,1,-1200,31,1,3,0.0,wumpus,wumpus,bompus
swap,1,-600,31,1,3,0.0,wumpus,wumpus,bompus
swap,1,-300,31,1,3,0.0,wumpus,wumpus,bompus
swap,1,-100,31,1,3,0.0,wumpus,wumpus,bompus
swap,1,100,31,1,3,0.0,wumpus,wumpus,bompus
swap,1,300,31,1,3,0.0,wumpus,wumpus,bompus
swap,1,600,31,1,3,0.0,wumpus,wumpus,bompus
swap,1,1200,31,1,3,0.0,wumpus,wumpus,bompus
swap,2,-1200,31,1,3,0.0,wumpus,wumpus,bompus
swap,2,-600,31,1,3,0.0,wumpus,wumpus,bompus
swap,2,-300,31,1,3,0.0,wumpus,wumpus,bompus
swap,2,-100,31,1,3,0.0,wumpus,wumpus,bompus
swap,2,100,31,1,3,0.0,wumpus,wumpus,bompus
swap,2,300,31,1,3,0.0,wumpus,wumpus,bompus
swap,2,600,31,1,3,0.0,wumpus,wumpus,bompus
swap,2,1200,31,1,3,0.0,wumpus,wumpus,bompus
swap,3,-1200,31,1,3,0.0,wumpus,wumpus,bompus
swap,3,-600,31,1,3,0.0,wumpus,wumpus,bompus
swap,3,-300,31,1,3,0.0,wumpus,wumpus,bompus
swap,3,-100,31,1,3,0.0,wumpus,wumpus,bompus
swap,3,100,31,1,3,0.0,wumpus,wumpus,bompus
swap,3,300,31,1,3,0.0,wumpus,wumpus,bompus
swap,3,600,31,1,3,0.0,wumpus,wumpus,bompus
swap,3,1200,31,1,3,0.0,wumpus,wumpus,bompus
swap,4,-1200,31,1,3,0.0,wumpus,wumpus,bompus
swap,4,-600,31,1,3,0.0,wumpus,wumpus,bompus
swap,4,-300,31,1,3,0.0,wumpus,wumpus,bompus
swap,4,-100,31,1,3,0.0,wumpus,wumpus,bompus
swap,4,100,31,1,3,0.0,wumpus,wumpus,bompus
swap,4,300,31,1,3,0.0,wumpus,wumpus,bompus
swap,4,600,31,1,3,0.0,wumpus,wumpus,bompus
swap,4,1200,31,1,3,0.0,wumpus,wumpus,bompus
swap,5,-1200,31,1,3,0.0,wumpus,wumpus,bompus
swap,5,-600,31,1,3,0.0,wumpus,wumpus,bompus
swap,5,-300,31,1,3,0.0,wumpus,wumpus,bompus
swap,5,-100,31,1,3,0.0,wumpus,wumpus,bompus
swap,5,100,31,1,3,0.0,wumpus,wumpus,bompus
swap,5,300,31,1,3,0.0,wumpus,wumpus,bompus
swap,5,600,31,1,3,0.0,wumpus,wumpus,bompus
swap,5,1200,31,1,3,0.0,wumpus,wumpus,bompus
swap,0,0,32,1,4,0.0,rompus,rompus,brimpus
swap,1,-1200,32,1,4,0.0,rompus,rompus,brimpus
swap,1,-600,32,1,4,0.0,rompus,rompus,brimpus
swap,1,-300,32,1,4,0.0,rompus,rompus,brimpus
swap,1,-100,32,1,4,0.0,rompus,rompus,brimpus
swap,1,100,32,1,4,0.0,rompus,rompus,brimpus
swap,1,300,32,1,4,0.0,rompus,rompus,brimpus
swap,1,600,32,1,4,0.0,rompus,rompus,brimpus
swap,1,1200,32,1,4,0.0,rompus,rompus,brimpus
swap,2,-1200,32,1,4,0.0,rompus,rompus,brimpus
swap,2,-600,32,1,4,0.0,rompus,rompus,brimpus
swap,2,-300,32,1,4,0.0,rompus,rompus,brimpus
swap,2,-100,32,1,4,0.0,rompus,rompus,brimpus
swap,2,100,32,1,4,0.0,rompus,rompus,brimpus
swap,2,300,32,1,4,0.0,rompus,rompus,brimpus
swap,2,600,32,1,4,0.0,rompus,rompus,brimpus
swap,2,1200,32,1,4,0.0,rompus,rompus,brimpus
swap,3,-1200,32,1,4,0.0,rompus,rompus,brimpus
swap,3,-600,32,1,4,0.0,rompus,rompus,brimpus
swap,3,-300,32,1,4,0.0,rompus,rompus,brimpus
swap,3,-100,32,1,4,0.0,rompus,rompus,brimpus
swap,3,100,32,1,4,0.0,rompus,rompus,brimpus
swap,3,300,32,1,4,0.0,rompus,rompus,brimpus
swap,3,600,32,1,4,0.0,rompus,rompus,brimpus
swap,3,1200,32,1,4,0.0,rompus,rompus,brimpus
swap,4,-1200,32,1,4,0.0,rompus,rompus,brimpus
swap,4,-600,32,1,4,0.0,rompus,rompus,brimpus
swap,4,-300,32,1,4,0.0,rompus,rompus,brimpus
swap,4,-100,32,1,4,0.0,rompus,rompus,brimpus
swap,4,100,32,1,4,0.0,rompus,rompus,brimpus
swap,4,300,32,1,4,0.0,rompus,rompus,brimpus
swap,4,600,32,1,4,0.0,rompus,rompus,brimpus
swap,4,1200,32,1,4,0.0,rompus,rompus,brimpus
swap,5,-1200,32,1,4,0.0,rompus,rompus,brimpus
swap,5,-600,32,1,4,0.0,rompus,rompus,brimpus
swap,5,-300,32,1,4,0.0,rompus,rompus,brimpus
swap,5,-100,32,1,4,0.0,rompus,rompus,brimpus
swap,5,100,32,1,4,0.0,rompus,rompus,brimpus
swap,5,300,32,1,4,0.0,rompus,rompus,brimpus
swap,5,600,32,1,4,0.0,rompus,rompus,brimpus
swap,5,1200,32,1,4,0.0,rompus,rompus,brimpus
swap,0,0,33,1,4,0.0,scrompus,scrompus,yimpus
swap,1,-1200,33,1,4,0.0,scrompus,scrompus,yimpus
swap,1,-600,33,1,4,0.0,scrompus,scrompus,yimpus
swap,1,-300,33,1,4,0.0,scrompus,scrompus,yimpus
swap,1,-100,33,1,4,0.0,scrompus,scrompus,yimpus
swap,1,100,33,1,4,0.0,scrompus,scrompus,yimpus
swap,1,300,33,1,4,0.0,scrompus,scrompus,yimpus
swap,1,600,33,1,4,0.0,scrompus,scrompus,yimpus
swap,1,1200,33,1,4,0.0,scrompus,scrompus,yimpus
swap,2,-1200,33,1,4,0.0,scrompus,scrompus,yimpus
swap,2,-600,33,1,4,0.0,scrompus,scrompus,yimpus
swap,2,-300,33,1,4,0.0,scrompus,scrompus,yimpus
swap,2,-100,33,1,4,0.0,scrompus,scrompus,yimpus
swap,2,100,33,1,4,0.0,scrompus,scrompus,yimpus
swap,2,300,33,1,4,0.0,scrompus,scrompus,yimpus
swap,2,600,33,1,4,0.0,scrompus,scrompus,yimpus
swap,2,1200,33,1,4,0.0,scrompus,scrompus,yimpus
swap,3,-1200,33,1,4,0.0,scrompus,scrompus,yimpus
swap,3,-600,33,1,4,0.0,scrompus,scrompus,yimpus
swap,3,-300,33,1,4,0.0,scrompus,scrompus,yimpus
swap,3,-100,33,1,4,0.0,scrompus,scrompus,yimpus
swap,3,100,33,1,4,0.0,scrompus,scrompus,yimpus
swap,3,300,33,1,4,0.0,scrompus,scrompus,yimpus
swap,3,600,33,1,4,0.0,scrompus,scrompus,yimpus
swap,3,1200,33,1,4,0.0,scrompus,scrompus,yimpus
swap,4,-1200,33,1,4,0.0,scrompus,scrompus,yimpus
swap,4,-600,33,1,4,0.0,scrompus,scrompus,yimpus
swap,4,-300,33,1,4,0.0,scrompus,scrompus,yimpus
swap,4,-100,33,1,4,0.0,scrompus,scrompus,yimpus
swap,4,100,33,1,4,0.0,scrompus,scrompus,yimpus
swap,4,300,33,1,4,0.0,scrompus,scrompus,yimpus
swap,4,600,33,1,4,0.0,scrompus,scrompus,yimpus
swap,4,1200,33,1,4,0.0,scrompus,scrompus,yimpus
swap,5,-1200,33,1,4,0.0,scrompus,scrompus,yimpus
swap,5,-600,33,1,4,0.0,scrompus,scrompus,yimpus
swap,5,-300,33,1,4,0.0,scrompus,scrompus,yimpus
swap,5,-100,33,1,4,0.0,scrompus,scrompus,yimpus
swap,5,100,33,1,4,0.0,scrompus,scrompus,yimpus
swap,5,300,33,1,4,0.0,scrompus,scrompus,yimpus
swap,5,600,33,1,4,0.0,scrompus,scrompus,yimpus
swap,5,1200,33,1,4,0.0,scrompus,scrompus,yimpus
swap,0,0,34,1,5,0.0,zumpus,zumpus,yerpus
swap,1,-1200,34,1,5,0.0,zumpus,zumpus,yerpus
swap,1,-600,34,1,5,0.0,zumpus,zumpus,yerpus
swap,1,-300,34,1,5,0.0,zumpus,zumpus,yerpus
swap,1,-100,34,1,5,0.0,zumpus,zumpus,yerpus
swap,1,100,34,1,5,0.0,zumpus,zumpus,yerpus
swap,1,300,34,1,5,0.0,zumpus,zumpus,yerpus
swap,1,600,34,1,5,0.0,zumpus,zumpus,yerpus
swap,1,1200,34,1,5,0.0,zumpus,zumpus,yerpus
swap,2,-1200,34,1,5,0.0,zumpus,zumpus,yerpus
swap,2,-600,34,1,5,0.0,zumpus,zumpus,yerpus
swap,2,-300,34,1,5,0.0,zumpus,zumpus,yerpus
swap,2,-100,34,1,5,0.0,zumpus,zumpus,yerpus
swap,2,100,34,1,5,0.0,zumpus,zumpus,yerpus
swap,2,300,34,1,5,0.0,zumpus,zumpus,yerpus
swap,2,600,34,1,5,0.0,zumpus,zumpus,yerpus
swap,2,1200,34,1,5,0.0,zumpus,zumpus,yerpus
swap,3,-1200,34,1,5,0.0,zumpus,zumpus,yerpus
swap,3,-600,34,1,5,0.0,zumpus,zumpus,yerpus
swap,3,-300,34,1,5,0.0,zumpus,zumpus,yerpus
swap,3,-100,34,1,5,0.0,zumpus,zumpus,yerpus
swap,3,100,34,1,5,0.0,zumpus,zumpus,yerpus
swap,3,300,34,1,5,0.0,zumpus,zumpus,yerpus
swap,3,600,34,1,5,0.0,zumpus,zumpus,yerpus
swap,3,1200,34,1,5,0.0,zumpus,zumpus,yerpus
swap,4,-1200,34,1,5,0.0,zumpus,zumpus,yerpus
swap,4,-600,34,1,5,0.0,zumpus,zumpus,yerpus
swap,4,-300,34,1,5,0.0,zumpus,zumpus,yerpus
swap,4,-100,34,1,5,0.0,zumpus,zumpus,yerpus
swap,4,100,34,1,5,0.0,zumpus,zumpus,yerpus
swap,4,300,34,1,5,0.0,zumpus,zumpus,yerpus
swap,4,600,34,1,5,0.0,zumpus,zumpus,yerpus
swap,4,1200,34,1,5,0.0,zumpus,zumpus,yerpus
swap,5,-1200,34,1,5,0.0,zumpus,zumpus,yerpus
swap,5,-600,34,1,5,0.0,zumpus,zumpus,yerpus
swap,5,-300,34,1,5,0.0,zumpus,zumpus,yerpus
swap,5,-100,34,1,5,0.0,zumpus,zumpus,yerpus
swap,5,100,34,1,5,0.0,zumpus,zumpus,yerpus
swap,5,300,34,1,5,0.0,zumpus,zumpus,yerpus
swap,5,600,34,1,5,0.0,zumpus,zumpus,yerpus
swap,5,1200,34,1,5,0.0,zumpus,zumpus,yerpus
swap,0,0,35,1,4,0.0,scrompus,scrompus,timpus
swap,1,-1200,35,1,4,0.0,scrompus,scrompus,timpus
swap,1,-600,35,1,4,0.0,scrompus,scrompus,timpus
swap,1,-300,35,1,4,0.0,scrompus,scrompus,timpus
swap,1,-100,35,1,4,0.0,scrompus,scrompus,timpus
swap,1,100,35,1,4,0.0,scrompus,scrompus,timpus
swap,1,300,35,1,4,0.0,scrompus,scrompus,timpus
swap,1,600,35,1,4,0.0,scrompus,scrompus,timpus
swap,1,1200,35,1,4,0.0,scrompus,scrompus,timpus
swap,2,-1200,35,1,4,0.0,scrompus,scrompus,timpus
swap,2,-600,35,1,4,0.0,scrompus,scrompus,timpus
swap,2,-300,35,1,4,0.0,scrompus,scrompus,timpus
swap,2,-100,35,1,4,0.0,scrompus,scrompus,timpus
swap,2,100,35,1,4,0.0,scrompus,scrompus,timpus
swap,2,300,35,1,4,0.0,scrompus,scrompus,timpus
swap,2,600,35,1,4,0.0,scrompus,scrompus,timpus
swap,2,1200,35,1,4,0.0,scrompus,scrompus,timpus
swap,3,-1200,35,1,4,0.0,scrompus,scrompus,timpus
swap,3,-600,35,1,4,0.0,scrompus,scrompus,timpus
swap,3,-300,35,1,4,0.0,scrompus,scrompus,timpus
swap,3,-100,35,1,4,0.0,scrompus,scrompus,timpus
swap,3,100,35,1,4,0.0,scrompus,scrompus,timpus
swap,3,300,35,1,4,0.0,scrompus,scrompus,timpus
swap,3,600,35,1,4,0.0,scrompus,scrompus,timpus
swap,3,1200,35,1,4,0.0,scrompus,scrompus,timpus
swap,4,-1200,35,1,4,0.0,scrompus,scrompus,timpus
swap,4,-600,35,1,4,0.0,scrompus,scrompus,timpus
swap,4,-300,35,1,4,0.0,scrompus,scrompus,timpus
swap,4,-100,35,1,4,0.0,scrompus,scrompus,timpus
swap,4,100,35,1,4,0.0,scrompus,scrompus,timpus
swap,4,300,35,1,4,0.0,scrompus,scrompus,timpus
swap,4,600,35,1,4,0.0,scrompus,scrompus,timpus
swap,4,1200,35,1,4,0.0,scrompus,scrompus,timpus
swap,5,-1200,35,1,4,0.0,scrompus,scrompus,timpus
swap,5,-600,35,1,4,0.0,scrompus,scrompus,timpus
swap,5,-300,35,1,4,0.0,scrompus,scrompus,timpus
swap,5,-100,35,1,4,0.0,scrompus,scrompus,timpus
swap,5,100,35,1,4,0.0,scrompus,scrompus,timpus
swap,5,300,35,1,4,0.0,scrompus,scrompus,timpus
swap,5,600,35,1,4,0.0,scrompus,scrompus,timpus
swap,5,1200,35,1,4,0.0,scrompus,scrompus,timpus
swap,0,0,36,1,3,0.0,yimpus,yimpus,numpus
swap,1,-1200,36,1,3,0.0,yimpus,yimpus,numpus
swap,1,-600,36,1,3,0.0,yimpus,yimpus,numpus
swap,1,-300,36,1,3,0.0,yimpus,yimpus,numpus
swap,1,-100,36,1,3,0.0,yimpus,yimpus,numpus
swap,1,100,36,1,3,0.0,yimpus,yimpus,numpus
swap,1,300,36,1,3,0.0,yimpus,yimpus,numpus
swap,1,600,36,1,3,0.0,yimpus,yimpus,numpus
swap,1,1200,36,1,3,0.0,yimpus,yimpus,numpus
swap,2,-1200,36,1,3,0.0,yimpus,yimpus,numpus
swap,2,-600,36,1,3,0.0,yimpus,yimpus,numpus
swap,2,-300,36,1,3,0.0,yimpus,yimpus,numpus
swap,2,-100,36,1,3,0.0,yimpus,yimpus,numpus
swap,2,100,36,1,3,0.0,yimpus,yimpus,numpus
swap,2,300,36,1,3,0.0,yimpus,yimpus,numpus
swap,2,600,36,1,3,0.0,yimpus,yimpus,numpus
swap,2,1200,36,1,3,0.0,yimpus,yimpus,numpus
swap,3,-1200,36,1,3,0.0,yimpus,yimpus,numpus
swap,3,-600,36,1,3,0.0,yimpus,yimpus,numpus
swap,3,-300,36,1,3,0.0,yimpus,yimpus,numpus
swap,3,-100,36,1,3,0.0,yimpus,yimpus,numpus
swap,3,100,36,1,3,0.0,yimpus,yimpus,numpus
swap,3,300,36,1,3,0.0,yimpus,yimpus,numpus
swap,3,600,36,1,3,0.0,yimpus,yimpus,numpus
swap,3,1200,36,1,3,0.0,yimpus,yimpus,numpus
swap,4,-1200,36,1,3,0.0,yimpus,yimpus,numpus
swap,4,-600,36,1,3,0.0,yimpus,yimpus,numpus
swap,4,-300,36,1,3,0.0,yimpus,yimpus,numpus
swap,4,-100,36,1,3,0.0,yimpus,yimpus,numpus
swap,4,100,36,1,3,0.0,yimpus,yimpus,numpus
swap,4,300,36,1,3,0.0,yimpus,yimpus,numpus
swap,4,600,36,1,3,0.0,yimpus,yimpus,numpus
swap,4,1200,36,1,3,0.0,yimpus,yimpus,numpus
swap,5,-1200,36,1,3,0.0,yimpus,yimpus,numpus
swap,5,-600,36,1,3,0.0,yimpus,yimpus,numpus
swap,5,-300,36,1,3,0.0,yimpus,yimpus,numpus
swap,5,-100,36,1,3,0.0,yimpus,yimpus,numpus
swap,5,100,36,1,3,0.0,yimpus,yimpus,numpus
swap,5,300,36,1,3,0.0,yimpus,yimpus,numpus
swap,5,600,36,1,3,0.0,yimpus,yimpus,numpus
swap,5,1200,36,1,3,0.0,yimpus,yimpus,numpus
swap,0,0,37,1,3,0.0,bompus,bompus,gorpus
swap,1,-1200,37,1,3,0.0,bompus,bompus,gorpus
swap,1,-600,37,1,3,0.0,bompus,bompus,gorpus
swap,1,-300,37,1,3,0.0,bompus,bompus,gorpus
swap,1,-100,37,1,3,0.0,bompus,bompus,gorpus
swap,1,100,37,1,3,0.0,bompus,bompus,gorpus
swap,1,300,37,1,3,0.0,bompus,bompus,gorpus
swap,1,600,37,1,3,0.0,bompus,bompus,gorpus
swap,1,1200,37,1,3,0.0,bompus,bompus,gorpus
swap,2,-1200,37,1,3,0.0,bompus,bompus,gorpus
swap,2,-600,37,1,3,0.0,bompus,bompus,gorpus
swap,2,-300,37,1,3,0.0,bompus,bompus,gorpus
swap,2,-100,37,1,3,0.0,bompus,bompus,gorpus
swap,2,100,37,1,3,0.0,bompus,bompus,gorpus
swap,2,300,37,1,3,0.0,bompus,bompus,gorpus
swap,2,600,37,1,3,0.0,bompus,bompus,gorpus
swap,2,1200,37,1,3,0.0,bompus,bompus,gorpus
swap,3,-1200,37,1,3,0.0,bompus,bompus,gorpus
swap,3,-600,37,1,3,0.0,bompus,bompus,gorpus
swap,3,-300,37,1,3,0.0,bompus,bompus,gorpus
swap,3,-100,37,1,3,0.0,bompus,bompus,gorpus
swap,3,100,37,1,3,0.0,bompus,bompus,gorpus
swap,3,300,37,1,3,0.0,bompus,bompus,gorpus
swap,3,600,37,1,3,0.0,bompus,bompus,gorpus
swap,3,1200,37,1,3,0.0,bompus,bompus,gorpus
swap,4,-1200,37,1,3,0.0,bompus,bompus,gorpus
swap,4,-600,37,1,3,0.0,bompus,bompus,gorpus
swap,4,-300,37,1,3,0.0,bompus,bompus,gorpus
swap,4,-100,37,1,3,0.0,bompus,bompus,gorpus
swap,4,100,37,1,3,0.0,bompus,bompus,gorpus
swap,4,300,37,1,3,0.0,bompus,bompus,gorpus
swap,4,600,37,1,3,0.0,bompus,bompus,gorpus
swap,4,1200,37,1,3,0.0,bompus,bompus,gorpus
swap,5,-1200,37,1,3,0.0,bompus,bompus,gorpus
swap,5,-600,37,1,3,0.0,bompus,bompus,gorpus
swap,5,-300,37,1,3,0.0,bompus,bompus,gorpus
swap,5,-100,37,1,3,0.0,bompus,bompus,gorpus
swap,5,100,37,1,3,0.0,bompus,bompus,gorpus
swap,5,300,37,1,3,0.0,bompus,bompus,gorpus
swap,5,600,37,1,3,0.0,bompus,bompus,gorpus
swap,5,1200,37,1,3,0.0,bompus,bompus,gorpus
swap,0,0,38,1,4,0.0,yimpus,yimpus,yerpus
swap,1,-1200,38,1,4,0.0,yimpus,yimpus,yerpus
swap,1,-600,38,1,4,0.0,yimpus,yimpus,yerpus
swap,1,-300,38,1,4,0.0,yimpus,yimpus,yerpus
swap,1,-100,38,1,4,0.0,yimpus,yimpus,yerpus
swap,1,100,38,1,4,0.0,yimpus,yimpus,yerpus
swap,1,300,38,1,4,0.0,yimpus,yimpus,yerpus
swap,1,600,38,1,4,0.0,yimpus,yimpus,yerpus
swap,1,1200,38,1,4,0.0,yimpus,yimpus,yerpus
swap,2,-1200,38,1,4,0.0,yimpus,yimpus,yerpus
swap,2,-600,38,1,4,0.0,yimpus,yimpus,yerpus
swap,2,-300,38,1,4,0.0,yimpus,yimpus,yerpus
swap,2,-100,38,1,4,0.0,yimpus,yimpus,yerpus
swap,2,100,38,1,4,0.0,yimpus,yimpus,yerpus
swap,2,300,38,1,4,0.0,yimpus,yimpus,yerpus
swap,2,600,38,1,4,0.0,yimpus,yimpus,yerpus
swap,2,1200,38,1,4,0.0,yimpus,yimpus,yerpus
swap,3,-1200,38,1,4,0.0,yimpus,yimpus,yerpus
swap,3,-600,38,1,4,0.0,yimpus,yimpus,yerpus
swap,3,-300,38,1,4,0.0,yimpus,yimpus,yerpus
swap,3,-100,38,1,4,0.0,yimpus,yimpus,yerpus
swap,3,100,38,1,4,0.0,yimpus,yimpus,yerpus
swap,3,300,38,1,4,0.0,yimpus,yimpus,yerpus
swap,3,600,38,1,4,0.0,yimpus,yimpus,yerpus
swap,3,1200,38,1,4,0.0,yimpus,yimpus,yerpus
swap,4,-1200,38,1,4,0.0,yimpus,yimpus,yerpus
swap,4,-600,38,1,4,0.0,yimpus,yimpus,yerpus
swap,4,-300,38,1,4,0.0,yimpus,yimpus,yerpus
swap,4,-100,38,1,4,0.0,yimpus,yimpus,yerpus
swap,4,100,38,1,4,0.0,yimpus,yimpus,yerpus
swap,4,300,38,1,4,0.0,yimpus,yimpus,yerpus
swap,4,600,38,1,4,0.0,yimpus,yimpus,yerpus
swap,4,1200,38,1,4,0.0,yimpus,yimpus,yerpus
swap,5,-1200,38,1,4,0.0,yimpus,yimpus,yerpus
swap,5,-600,38,1,4,0.0,yimpus,yimpus,yerpus
swap,5,-300,38,1,4,0.0,yimpus,yimpus,yerpus
swap,5,-100,38,1,4,0.0,yimpus,yimpus,yerpus
swap,5,100,38,1,4,0.0,yimpus,yimpus,yerpus
swap,5,300,38,1,4,0.0,yimpus,yimpus,yerpus
swap,5,600,38,1,4,0.0,yimpus,yimpus,yerpus
swap,5,1200,38,1,4,0.0,yimpus,yimpus,yerpus
swap,0,0,39,1,4,0.0,rempus,rempus,timpus
swap,1,-1200,39,1,4,0.0,rempus,rempus,timpus
swap,1,-600,39,1,4,0.0,rempus,rempus,timpus
swap,1,-300,39,1,4,0.0,rempus,rempus,timpus
swap,1,-100,39,1,4,0.0,rempus,rempus,timpus
swap,1,100,39,1,4,0.0,rempus,rempus,timpus
swap,1,300,39,1,4,0.0,rempus,rempus,timpus
swap,1,600,39,1,4,0.0,rempus,rempus,timpus
swap,1,1200,39,1,4,0.0,rempus,rempus,timpus
swap,2,-1200,39,1,4,0.0,rempus,rempus,timpus
swap,2,-600,39,1,4,0.0,rempus,rempus,timpus
swap,2,-300,39,1,4,0.0,rempus,rempus,timpus
swap,2,-100,39,1,4,0.0,rempus,rempus,timpus
swap,2,100,39,1,4,0.0,rempus,rempus,timpus
swap,2,300,39,1,4,0.0,rempus,rempus,timpus
swap,2,600,39,1,4,0.0,rempus,rempus,timpus
swap,2,1200,39,1,4,0.0,rempus,rempus,timpus
swap,3,-1200,39,1,4,0.0,rempus,rempus,timpus
swap,3,-600,39,1,4,0.0,rempus,rempus,timpus
swap,3,-300,39,1,4,0.0,rempus,rempus,timpus
swap,3,-100,39,1,4,0.0,rempus,rempus,timpus
swap,3,100,39,1,4,0.0,rempus,rempus,timpus
swap,3,300,39,1,4,0.0,rempus,rempus,timpus
swap,3,600,39,1,4,0.0,rempus,rempus,timpus
swap,3,1200,39,1,4,0.0,rempus,rempus,timpus
swap,4,-1200,39,1,4,0.0,rempus,rempus,timpus
swap,4,-600,39,1,4,0.0,rempus,rempus,timpus
swap,4,-300,39,1,4,0.0,rempus,rempus,timpus
swap,4,-100,39,1,4,0.0,rempus,rempus,timpus
swap,4,100,39,1,4,0.0,rempus,rempus,timpus
swap,4,300,39,1,4,0.0,rempus,rempus,timpus
swap,4,600,39,1,4,0.0,rempus,rempus,timpus
swap,4,1200,39,1,4,0.0,rempus,rempus,timpus
swap,5,-1200,39,1,4,0.0,rempus,rempus,timpus
swap,5,-600,39,1,4,0.0,rempus,rempus,timpus
swap,5,-300,39,1,4,0.0,rempus,rempus,timpus
swap,5,-100,39,1,4,0.0,rempus,rempus,timpus
swap,5,100,39,1,4,0.0,rempus,rempus,timpus
swap,5,300,39,1,4,0.0,rempus,rempus,timpus
swap,5,600,39,1,4,0.0,rempus,rempus,timpus
swap,5,1200,39,1,4,0.0,rempus,rempus,timpus
swap,0,0,40,0,4,0.0,zhorpus,grimpus,zhorpus
swap,1,-1200,40,0,4,0.0,zhorpus,grimpus,zhorpus
swap,1,-600,40,0,4,0.0,zhorpus,grimpus,zhorpus
swap,1,-300,40,0,4,0.0,zhorpus,grimpus,zhorpus
swap,1,-100,40,0,4,0.0,zhorpus,grimpus,zhorpus
swap,1,100,40,0,4,0.0,zhorpus,grimpus,zhorpus
swap,1,300,40,0,4,0.0,zhorpus,grimpus,zhorpus
swap,1,600,40,0,4,0.0,zhorpus,grimpus,zhorpus
swap,1,1200,40,0,4,0.0,zhorpus,grimpus,zhorpus
swap,2,-1200,40,0,4,0.0,zhorpus,grimpus,zhorpus
swap,2,-600,40,0,4,0.0,zhorpus,grimpus,zhorpus
swap,2,-300,40,0,4,0.0,zhorpus,grimpus,zhorpus
swap,2,-100,40,0,4,0.0,zhorpus,grimpus,zhorpus
swap,2,100,40,0,4,0.0,zhorpus,grimpus,zhorpus
swap,2,300,40,0,4,0.0,zhorpus,grimpus,zhorpus
swap,2,600,40,0,4,0.0,zhorpus,grimpus,zhorpus
swap,2,1200,40,0,4,0.0,zhorpus,grimpus,zhorpus
swap,3,-1200,40,0,4,0.0,zhorpus,grimpus,zhorpus
swap,3,-600,40,0,4,0.0,zhorpus,grimpus,zhorpus
swap,3,-300,40,0,4,0.0,zhorpus,grimpus,zhorpus
swap,3,-100,40,0,4,0.0,zhorpus,grimpus,zhorpus
swap,3,100,40,0,4,0.0,zhorpus,grimpus,zhorpus
swap,3,300,40,0,4,0.0,zhorpus,grimpus,zhorpus
swap,3,600,40,0,4,0.0,zhorpus,grimpus,zhorpus
swap,3,1200,40,0,4,0.0,zhorpus,grimpus,zhorpus
swap,4,-1200,40,0,4,0.0,zhorpus,grimpus,zhorpus
swap,4,-600,40,0,4,0.0,zhorpus,grimpus,zhorpus
swap,4,-300,40,0,4,0.0,zhorpus,grimpus,zhorpus
swap,4,-100,40,0,4,0.0,zhorpus,grimpus,zhorpus
swap,4,100,40,0,4,0.0,zhorpus,grimpus,zhorpus
swap,4,300,40,0,4,0.0,zhorpus,grimpus,zhorpus
swap,4,600,40,0,4,0.0,zhorpus,grimpus,zhorpus
swap,4,1200,40,0,4,0.0,zhorpus,grimpus,zhorpus
swap,5,-1200,40,0,4,0.0,zhorpus,grimpus,zhorpus
swap,5,-600,40,0,4,0.0,zhorpus,grimpus,zhorpus
swap,5,-300,40,0,4,0.0,zhorpus,grimpus,zhorpus
swap,5,-100,40,0,4,0.0,zhorpus,grimpus,zhorpus
swap,5,100,40,0,4,0.0,zhorpus,grimpus,zhorpus
swap,5,300,40,0,4,0.0,zhorpus,grimpus,zhorpus
swap,5,600,40,0,4,0.0,zhorpus,grimpus,zhorpus
swap,5,1200,40,0,4,0.0,zhorpus,grimpus,zhorpus
swap,0,0,41,1,4,0.0,zumpus,zumpus,gerpus
swap,1,-1200,41,1,4,0.0,zumpus,zumpus,gerpus
swap,1,-600,41,1,4,0.0,zumpus,zumpus,gerpus
swap,1,-300,41,1,4,0.0,zumpus,zumpus,gerpus
swap,1,-100,41,1,4,0.0,zumpus,zumpus,gerpus
swap,1,100,41,1,4,0.0,zumpus,zumpus,gerpus
swap,1,300,41,1,4,0.0,zumpus,zumpus,gerpus
swap,1,600,41,1,4,0.0,zumpus,zumpus,gerpus
swap,1,1200,41,1,4,0.0,zumpus,zumpus,gerpus
swap,2,-1200,41,1,4,0.0,zumpus,zumpus,gerpus
swap,2,-600,41,1,4,0.0,zumpus,zumpus,gerpus
swap,2,-300,41,1,4,0.0,zumpus,zumpus,gerpus
swap,2,-100,41,1,4,0.0,zumpus,zumpus,gerpus
swap,2,100,41,1,4,0.0,zumpus,zumpus,gerpus
swap,2,300,41,1,4,0.0,zumpus,zumpus,gerpus
swap,2,600,41,1,4,0.0,zumpus,zumpus,gerpus
swap,2,1200,41,1,4,0.0,zumpus,zumpus,gerpus
swap,3,-1200,41,1,4,0.0,zumpus,zumpus,gerpus
swap,3,-600,41,1,4,0.0,zumpus,zumpus,gerpus
swap,3,-300,41,1,4,0.0,zumpus,zumpus,gerpus
swap,3,-100,41,1,4,0.0,zumpus,zumpus,gerpus
swap,3,100,41,1,4,0.0,zumpus,zumpus,gerpus
swap,3,300,41,1,4,0.0,zumpus,zumpus,gerpus
swap,3,600,41,1,4,0.0,zumpus,zumpus,gerpus
swap,3,1200,41,1,4,0.0,zumpus,zumpus,gerpus
swap,4,-1200,41,1,4,0.0,zumpus,zumpus,gerpus
swap,4,-600,41,1,4,0.0,zumpus,zumpus,gerpus
swap,4,-300,41,1,4,0.0,zumpus,zumpus,gerpus
swap,4,-100,41,1,4,0.0,zumpus,zumpus,gerpus
swap,4,100,41,1,4,0.0,zumpus,zumpus,gerpus
swap,4,300,41,1,4,0.0,zumpus,zumpus,gerpus
swap,4,600,41,1,4,0.0,zumpus,zumpus,gerpus
swap,4,1200,41,1,4,0.0,zumpus,zumpus,gerpus
swap,5,-1200,41,1,4,0.0,zumpus,zumpus,gerpus
swap,5,-600,41,1,4,0.0,zumpus,zumpus,gerpus
swap,5,-300,41,1,4,0.0,zumpus,zumpus,gerpus
swap,5,-100,41,1,4,0.0,zumpus,zumpus,gerpus
swap,5,100,41,1,4,0.0,zumpus,zumpus,gerpus
swap,5,300,41,1,4,0.0,zumpus,zumpus,gerpus
swap,5,600,41,1,4,0.0,zumpus,zumpus,gerpus
swap,5,1200,41,1,4,0.0,zumpus,zumpus,gerpus
swap,0,0,42,1,3,0.0,grimpus,grimpus,yimpus
swap,1,-1200,42,1,3,0.0,grimpus,grimpus,yimpus
swap,1,-600,42,1,3,0.0,grimpus,grimpus,yimpus
swap,1,-300,42,1,3,0.0,grimpus,grimpus,yimpus
swap,1,-100,42,1,3,0.0,grimpus,grimpus,yimpus
swap,1,100,42,1,3,0.0,grimpus,grimpus,yimpus
swap,1,300,42,1,3,0.0,grimpus,grimpus,yimpus
swap,1,600,42,1,3,0.0,grimpus,grimpus,yimpus
swap,1,1200,42,1,3,0.0,grimpus,grimpus,yimpus
swap,2,-1200,42,1,3,0.0,grimpus,grimpus,yimpus
swap,2,-600,42,1,3,0.0,grimpus,grimpus,yimpus
swap,2,-300,42,1,3,0.0,grimpus,grimpus,yimpus
swap,2,-100,42,1,3,0.0,grimpus,grimpus,yimpus
swap,2,100,42,1,3,0.0,grimpus,grimpus,yimpus
swap,2,300,42,1,3,0.0,grimpus,grimpus,yimpus
swap,2,600,42,1,3,0.0,grimpus,grimpus,yimpus
swap,2,1200,42,1,3,0.0,grimpus,grimpus,yimpus
swap,3,-1200,42,1,3,0.0,grimpus,grimpus,yimpus
swap,3,-600,42,1,3,0.0,grimpus,grimpus,yimpus
swap,3,-300,42,1,3,0.0,grimpus,grimpus,yimpus
swap,3,-100,42,1,3,0.0,grimpus,grimpus,yimpus
swap,3,100,42,1,3,0.0,grimpus,grimpus,yimpus
swap,3,300,42,1,3,0.0,grimpus,grimpus,yimpus
swap,3,600,42,1,3,0.0,grimpus,grimpus,yimpus
swap,3,1200,42,1,3,0.0,grimpus,grimpus,yimpus
swap,4,-1200,42,1,3,0.0,grimpus,grimpus,yimpus
swap,4,-600,42,1,3,0.0,grimpus,grimpus,yimpus
swap,4,-300,42,1,3,0.0,grimpus,grimpus,yimpus
swap,4,-100,42,1,3,0.0,grimpus,grimpus,yimpus
swap,4,100,42,1,3,0.0,grimpus,grimpus,yimpus
swap,4,300,42,1,3,0.0,grimpus,grimpus,yimpus
swap,4,600,42,1,3,0.0,grimpus,grimpus,yimpus
swap,4,1200,42,1,3,0.0,grimpus,grimpus,yimpus
swap,5,-1200,42,1,3,0.0,grimpus,grimpus,yimpus
swap,5,-600,42,1,3,0.0,grimpus,grimpus,yimpus
swap,5,-300,42,1,3,0.0,grimpus,grimpus,yimpus
swap,5,-100,42,1,3,0.0,grimpus,grimpus,yimpus
swap,5,100,42,1,3,0.0,grimpus,grimpus,yimpus
swap,5,300,42,1,3,0.0,grimpus,grimpus,yimpus
swap,5,600,42,1,3,0.0,grimpus,grimpus,yimpus
swap,5,1200,42,1,3,0.0,grimpus,grimpus,yimpus
swap,0,0,43,1,4,0.0,yerpus,yerpus,chorpus
swap,1,-1200,43,1,4,0.0,yerpus,yerpus,chorpus
swap,1,-600,43,1,4,0.0,yerpus,yerpus,chorpus
swap,1,-300,43,1,4,0.0,yerpus,yerpus,chorpus
swap,1,-100,43,1,4,0.0,yerpus,yerpus,chorpus
swap,1,100,43,1,4,0.0,yerpus,yerpus,chorpus
swap,1,300,43,1,4,0.0,yerpus,yerpus,chorpus
swap,1,600,43,1,4,0.0,yerpus,yerpus,chorpus
swap,1,1200,43,1,4,0.0,yerpus,yerpus,chorpus
swap,2,-1200,43,1,4,0.0,yerpus,yerpus,chorpus
swap,2,-600,43,1,4,0.0,yerpus,yerpus,chorpus
swap,2,-300,43,1,4,0.0,yerpus,yerpus,chorpus
swap,2,-100,43,1,4,0.0,yerpus,yerpus,chorpus
swap,2,100,43,1,4,0.0,yerpus,yerpus,chorpus
swap,2,300,43,1,4,0.0,yerpus,yerpus,chorpus
swap,2,600,43,1,4,0.0,yerpus,yerpus,chorpus
swap,2,1200,43,1,4,0.0,yerpus,yerpus,chorpus
swap,3,-1200,43,1,4,0.0,yerpus,yerpus,chorpus
swap,3,-600,43,1,4,0.0,yerpus,yerpus,chorpus
swap,3,-300,43,1,4,0.0,yerpus,yerpus,chorpus
swap,3,-100,43,1,4,0.0,yerpus,yerpus,chorpus
swap,3,100,43,1,4,0.0,yerpus,yerpus,chorpus
swap,3,300,43,1,4,0.0,yerpus,yerpus,chorpus
swap,3,600,43,1,4,0.0,yerpus,yerpus,chorpus
swap,3,1200,43,1,4,0.0,yerpus,yerpus,chorpus
swap,4,-1200,43,1,4,0.0,yerpus,yerpus,chorpus
swap,4,-600,43,1,4,0.0,yerpus,yerpus,chorpus
swap,4,-300,43,1,4,0.0,yerpus,yerpus,chorpus
swap,4,-100,43,1,4,0.0,yerpus,yerpus,chorpus
swap,4,100,43,1,4,0.0,yerpus,yerpus,chorpus
swap,4,300,43,1,4,0.0,yerpus,yerpus,chorpus
swap,4,600,43,1,4,0.0,yerpus,yerpus,chorpus
swap,4,1200,43,1,4,0.0,yerpus,yerpus,chorpus
swap,5,-1200,43,1,4,0.0,yerpus,yerpus,chorpus
swap,5,-600,43,1,4,0.0,yerpus,yerpus,chorpus
swap,5,-300,43,1,4,0.0,yerpus,yerpus,chorpus
swap,5,-100,43,1,4,0.0,yerpus,yerpus,chorpus
swap,5,100,43,1,4,0.0,yerpus,yerpus,chorpus
swap,5,300,43,1,4,0.0,yerpus,yerpus,chorpus
swap,5,600,43,1,4,0.0,yerpus,yerpus,chorpus
swap,5,1200,43,1,4,0.0,yerpus,yerpus,chorpus
swap,0,0,44,1,4,0.0,gerpus,gerpus,rempus
swap,1,-1200,44,1,4,0.0,gerpus,gerpus,rempus
swap,1,-600,44,1,4,0.0,gerpus,gerpus,rempus
swap,1,-300,44,1,4,0.0,gerpus,gerpus,rempus
swap,1,-100,44,1,4,0.0,gerpus,gerpus,rempus
swap,1,100,44,1,4,0.0,gerpus,gerpus,rempus
swap,1,300,44,1,4,0.0,gerpus,gerpus,rempus
swap,1,600,44,1,4,0.0,gerpus,gerpus,rempus
swap,1,1200,44,1,4,0.0,gerpus,gerpus,rempus
swap,2,-1200,44,1,4,0.0,gerpus,gerpus,rempus
swap,2,-600,44,1,4,0.0,gerpus,gerpus,rempus
swap,2,-300,44,1,4,0.0,gerpus,gerpus,rempus
swap,2,-100,44,1,4,0.0,gerpus,gerpus,rempus
swap,2,100,44,1,4,0.0,gerpus,gerpus,rempus
swap,2,300,44,1,4,0.0,gerpus,gerpus,rempus
swap,2,600,44,1,4,0.0,gerpus,gerpus,rempus
swap,2,1200,44,1,4,0.0,gerpus,gerpus,rempus
swap,3,-1200,44,1,4,0.0,gerpus,gerpus,rempus
swap,3,-600,44,1,4,0.0,gerpus,gerpus,rempus
swap,3,-300,44,1,4,0.0,gerpus,gerpus,rempus
swap,3,-100,44,1,4,0.0,gerpus,gerpus,rempus
swap,3,100,44,1,4,0.0,gerpus,gerpus,rempus
swap,3,300,44,1,4,0.0,gerpus,gerpus,rempus
swap,3,600,44,1,4,0.0,gerpus,gerpus,rempus
swap,3,1200,44,1,4,0.0,gerpus,gerpus,rempus
swap,4,-1200,44,1,4,0.0,gerpus,gerpus,rempus
swap,4,-600,44,1,4,0.0,gerpus,gerpus,rempus
swap,4,-300,44,1,4,0.0,gerpus,gerpus,rempus
swap,4,-100,44,1,4,0.0,gerpus,gerpus,rempus
swap,4,100,44,1,4,0.0,gerpus,gerpus,rempus
swap,4,300,44,1,4,0.0,gerpus,gerpus,rempus
swap,4,600,44,1,4,0.0,gerpus,gerpus,rempus
swap,4,1200,44,1,4,0.0,gerpus,gerpus,rempus
swap,5,-1200,44,1,4,0.0,gerpus,gerpus,rempus
swap,5,-600,44,1,4,0.0,gerpus,gerpus,rempus
swap,5,-300,44,1,4,0.0,gerpus,gerpus,rempus
swap,5,-100,44,1,4,0.0,gerpus,gerpus,rempus
swap,5,100,44,1,4,0.0,gerpus,gerpus,rempus
swap,5,300,44,1,4,0.0,gerpus,gerpus,rempus
swap,5,600,44,1,4,0.0,gerpus,gerpus,rempus
swap,5,1200,44,1,4,0.0,gerpus,gerpus,rempus
swap,0,0,45,0,4,0.0,rempus,lorpus,rempus
swap,1,-1200,45,0,4,0.0,rempus,lorpus,rempus
swap,1,-600,45,0,4,0.0,rempus,lorpus,rempus
swap,1,-300,45,0,4,0.0,rempus,lorpus,rempus
swap,1,-100,45,0,4,0.0,rempus,lorpus,rempus
swap,1,100,45,0,4,0.0,rempus,lorpus,rempus
swap,1,300,45,0,4,0.0,rempus,lorpus,rempus
swap,1,600,45,0,4,0.0,rempus,lorpus,rempus
swap,1,1200,45,0,4,0.0,rempus,lorpus,rempus
swap,2,-1200,45,0,4,0.0,rempus,lorpus,rempus
swap,2,-600,45,0,4,0.0,rempus,lorpus,rempus
swap,2,-300,45,0,4,0.0,rempus,lorpus,rempus
swap,2,-100,45,0,4,0.0,rempus,lorpus,rempus
swap,2,100,45,0,4,0.0,rempus,lorpus,rempus
swap,2,300,45,0,4,0.0,rempus,lorpus,rempus
swap,2,600,45,0,4,0.0,rempus,lorpus,rempus
swap,2,1200,45,0,4,0.0,rempus,lorpus,rempus
swap,3,-1200,45,0,4,0.0,rempus,lorpus,rempus
swap,3,-600,45,0,4,0.0,rempus,lorpus,rempus
swap,3,-300,45,0,4,0.0,rempus,lorpus,rempus
swap,3,-100,45,0,4,0.0,rempus,lorpus,rempus
swap,3,100,45,0,4,0.0,rempus,lorpus,rempus
swap,3,300,45,0,4,0.0,rempus,lorpus,rempus
swap,3,600,45,0,4,0.0,rempus,lorpus,rempus
swap,3,1200,45,0,4,0.0,rempus,lorpus,rempus
swap,4,-1200,45,0,4,0.0,rempus,lorpus,rempus
swap,4,-600,45,0,4,0.0,rempus,lorpus,rempus
swap,4,-300,45,0,4,0.0,rempus,lorpus,rempus
swap,4,-100,45,0,4,0.0,rempus,lorpus,rempus
swap,4,100,45,0,4,0.0,rempus,lorpus,rempus
swap,4,300,45,0,4,0.0,rempus,lorpus,rempus
swap,4,600,45,0,4,0.0,rempus,lorpus,rempus
swap,4,1200,45,0,4,0.0,rempus,lorpus,rempus
swap,5,-1200,45,0,4,0.0,rempus,lorpus,rempus
swap,5,-600,45,0,4,0.0,rempus,lorpus,rempus
swap,5,-300,45,0,4,0.0,rempus,lorpus,rempus
swap,5,-100,45,0,4,0.0,rempus,lorpus,rempus
swap,5,100,45,0,4,0.0,rempus,lorpus,rempus
swap,5,300,45,0,4,0.0,rempus,lorpus,rempus
swap,5,600,45,0,4,0.0,rempus,lorpus,rempus
swap,5,1200,45,0,4,0.0,rempus,lorpus,rempus
swap,0,0,46,0,3,0.0,wumpus,chorpus,wumpus
swap,1,-1200,46,0,3,0.0,wumpus,chorpus,wumpus
swap,1,-600,46,0,3,0.0,wumpus,chorpus,wumpus
swap,1,-300,46,0,3,0.0,wumpus,chorpus,wumpus
swap,1,-100,46,0,3,0.0,wumpus,chorpus,wumpus
swap,1,100,46,0,3,0.0,wumpus,chorpus,wumpus
swap,1,300,46,0,3,0.0,wumpus,chorpus,wumpus
swap,1,600,46,0,3,0.0,wumpus,chorpus,wumpus
swap,1,1200,46,0,3,0.0,wumpus,chorpus,wumpus
swap,2,-1200,46,0,3,0.0,wumpus,chorpus,wumpus
swap,2,-600,46,0,3,0.0,wumpus,chorpus,wumpus
swap,2,-300,46,0,3,0.0,wumpus,chorpus,wumpus
swap,2,-100,46,0,3,0.0,wumpus,chorpus,wumpus
swap,2,100,46,0,3,0.0,wumpus,chorpus,wumpus
swap,2,300,46,0,3,0.0,wumpus,chorpus,wumpus
swap,2,600,46,0,3,0.0,wumpus,chorpus,wumpus
swap,2,1200,46,0,3,0.0,wumpus,chorpus,wumpus
swap,3,-1200,46,0,3,0.0,wumpus,chorpus,wumpus
swap,3,-600,46,0,3,0.0,wumpus,chorpus,wumpus
swap,3,-300,46,0,3,0.0,wumpus,chorpus,wumpus
swap,3,-100,46,0,3,0.0,wumpus,chorpus,wumpus
swap,3,100,46,0,3,0.0,wumpus,chorpus,wumpus
swap,3,300,46,0,3,0.0,wumpus,chorpus,wumpus
swap,3,600,46,0,3,0.0,wumpus,chorpus,wumpus
swap,3,1200,46,0,3,0.0,wumpus,chorpus,wumpus
swap,4,-1200,46,0,3,0.0,wumpus,chorpus,wumpus
swap,4,-600,46,0,3,0.0,wumpus,chorpus,wumpus
swap,4,-300,46,0,3,0.0,wumpus,chorpus,wumpus
swap,4,-100,46,0,3,0.0,wumpus,chorpus,wumpus
swap,4,100,46,0,3,0.0,wumpus,chorpus,wumpus
swap,4,300,46,0,3,0.0,wumpus,chorpus,wumpus
swap,4,600,46,0,3,0.0,wumpus,chorpus,wumpus
swap,4,1200,46,0,3,0.0,wumpus,chorpus,wumpus
swap,5,-1200,46,0,3,0.0,wumpus,chorpus,wumpus
swap,5,-600,46,0,3,0.0,wumpus,chorpus,wumpus
swap,5,-300,46,0,3,0.0,wumpus,chorpus,wumpus
swap,5,-100,46,0,3,0.0,wumpus,chorpus,wumpus
swap,5,100,46,0,3,0.0,wumpus,chorpus,wumpus
swap,5,300,46,0,3,0.0,wumpus,chorpus,wumpus
swap,5,600,46,0,3,0.0,wumpus,chorpus,wumpus
swap,5,1200,46,0,3,0.0,wumpus,chorpus,wumpus
swap,0,0,47,1,4,0.0,lorpus,lorpus,sterpus
swap,1,-1200,47,1,4,0.0,lorpus,lorpus,sterpus
swap,1,-600,47,1,4,0.0,lorpus,lorpus,sterpus
swap,1,-300,47,1,4,0.0,lorpus,lorpus,sterpus
swap,1,-100,47,1,4,0.0,lorpus,lorpus,sterpus
swap,1,100,47,1,4,0.0,lorpus,lorpus,sterpus
swap,1,300,47,1,4,0.0,lorpus,lorpus,sterpus
swap,1,600,47,1,4,0.0,lorpus,lorpus,sterpus
swap,1,1200,47,1,4,0.0,lorpus,lorpus,sterpus
swap,2,-1200,47,1,4,0.0,lorpus,lorpus,sterpus
swap,2,-600,47,1,4,0.0,lorpus,lorpus,sterpus
swap,2,-300,47,1,4,0.0,lorpus,lorpus,sterpus
swap,2,-100,47,1,4,0.0,lorpus,lorpus,sterpus
swap,2,100,47,1,4,0.0,lorpus,lorpus,sterpus
swap,2,300,47,1,4,0.0,lorpus,lorpus,sterpus
swap,2,600,47,1,4,0.0,lorpus,lorpus,sterpus
swap,2,1200,47,1,4,0.0,lorpus,lorpus,sterpus
swap,3,-1200,47,1,4,0.0,lorpus,lorpus,sterpus
swap,3,-600,47,1,4,0.0,lorpus,lorpus,sterpus
swap,3,-300,47,1,4,0.0,lorpus,lorpus,sterpus
swap,3,-100,47,1,4,0.0,lorpus,lorpus,sterpus
swap,3,100,47,1,4,0.0,lorpus,lorpus,sterpus
swap,3,300,47,1,4,0.0,lorpus,lorpus,sterpus
swap,3,600,47,1,4,0.0,lorpus,lorpus,sterpus
swap,3,1200,47,1,4,0.0,lorpus,lorpus,sterpus
swap,4,-1200,47,1,4,0.0,lorpus,lorpus,sterpus
swap,4,-600,47,1,4,0.0,lorpus,lorpus,sterpus
swap,4,-300,47,1,4,0.0,lorpus,lorpus,sterpus
swap,4,-100,47,1,4,0.0,lorpus,lorpus,sterpus
swap,4,100,47,1,4,0.0,lorpus,lorpus,sterpus
swap,4,300,47,1,4,0.0,lorpus,lorpus,sterpus
swap,4,600,47,1,4,0.0,lorpus,lorpus,sterpus
swap,4,1200,47,1,4,0.0,lorpus,lorpus,sterpus
swap,5,-1200,47,1,4,0.0,lorpus,lorpus,sterpus
swap,5,-600,47,1,4,0.0,lorpus,lorpus,sterpus
swap,5,-300,47,1,4,0.0,lorpus,lorpus,sterpus
swap,5,-100,47,1,4,0.0,lorpus,lorpus,sterpus
swap,5,100,47,1,4,0.0,lorpus,lorpus,sterpus
swap,5,300,47,1,4,0.0,lorpus,lorpus,sterpus
swap,5,600,47,1,4,0.0,lorpus,lorpus,sterpus
swap,5,1200,47,1,4,0.0,lorpus,lorpus,sterpus
swap,0,0,48,1,4,0.0,gerpus,gerpus,shumpus
swap,1,-1200,48,1,4,0.0,gerpus,gerpus,shumpus
swap,1,-600,48,1,4,0.0,gerpus,gerpus,shumpus
swap,1,-300,48,1,4,0.0,gerpus,gerpus,shumpus
swap,1,-100,48,1,4,0.0,gerpus,gerpus,shumpus
swap,1,100,48,1,4,0.0,gerpus,gerpus,shumpus
swap,1,300,48,1,4,0.0,gerpus,gerpus,shumpus
swap,1,600,48,1,4,0.0,gerpus,gerpus,shumpus
swap,1,1200,48,1,4,0.0,gerpus,gerpus,shumpus
swap,2,-1200,48,1,4,0.0,gerpus,gerpus,shumpus
swap,2,-600,48,1,4,0.0,gerpus,gerpus,shumpus
swap,2,-300,48,1,4,0.0,gerpus,gerpus,shumpus
swap,2,-100,48,1,4,0.0,gerpus,gerpus,shumpus
swap,2,100,48,1,4,0.0,gerpus,gerpus,shumpus
swap,2,300,48,1,4,0.0,gerpus,gerpus,shumpus
swap,2,600,48,1,4,0.0,gerpus,gerpus,shumpus
swap,2,1200,48,1,4,0.0,gerpus,gerpus,shumpus
swap,3,-1200,48,1,4,0.0,gerpus,gerpus,shumpus
swap,3,-600,48,1,4,0.0,gerpus,gerpus,shumpus
swap,3,-300,48,1,4,0.0,gerpus,gerpus,shumpus
swap,3,-100,48,1,4,0.0,gerpus,gerpus,shumpus
swap,3,100,48,1,4,0.0,gerpus,gerpus,shumpus
swap,3,300,48,1,4,0.0,gerpus,gerpus,shumpus
swap,3,600,48,1,4,0.0,gerpus,gerpus,shumpus
swap,3,1200,48,1,4,0.0,gerpus,gerpus,shumpus
swap,4,-1200,48,1,4,0.0,gerpus,gerpus,shumpus
swap,4,-600,48,1,4,0.0,gerpus,gerpus,shumpus
swap,4,-300,48,1,4,0.0,gerpus,gerpus,shumpus
swap,4,-100,48,1,4,0.0,gerpus,gerpus,shumpus
swap,4,100,48,1,4,0.0,gerpus,gerpus,shumpus
swap,4,300,48,1,4,0.0,gerpus,gerpus,shumpus
swap,4,600,48,1,4,0.0,gerpus,gerpus,shumpus
swap,4,1200,48,1,4,0.0,gerpus,gerpus,shumpus
swap,5,-1200,48,1,4,0.0,gerpus,gerpus,shumpus
swap,5,-600,48,1,4,0.0,gerpus,gerpus,shumpus
swap,5,-300,48,1,4,0.0,gerpus,gerpus,shumpus
swap,5,-100,48,1,4,0.0,gerpus,gerpus,shumpus
swap,5,100,48,1,4,0.0,gerpus,gerpus,shumpus
swap,5,300,48,1,4,0.0,gerpus,gerpus,shumpus
swap,5,600,48,1,4,0.0,gerpus,gerpus,shumpus
swap,5,1200,48,1,4,0.0,gerpus,gerpus,shumpus
swap,0,0,49,0,4,0.0,jelpus,gerpus,jelpus
swap,1,-1200,49,0,4,0.0,jelpus,gerpus,jelpus
swap,1,-600,49,0,4,0.0,jelpus,gerpus,jelpus
swap,1,-300,49,0,4,0.0,jelpus,gerpus,jelpus
swap,1,-100,49,0,4,0.0,jelpus,gerpus,jelpus
swap,1,100,49,0,4,0.0,jelpus,gerpus,jelpus
swap,1,300,49,0,4,0.0,jelpus,gerpus,jelpus
swap,1,600,49,0,4,0.0,jelpus,gerpus,jelpus
swap,1,1200,49,0,4,0.0,jelpus,gerpus,jelpus
swap,2,-1200,49,0,4,0.0,jelpus,gerpus,jelpus
swap,2,-600,49,0,4,0.0,jelpus,gerpus,jelpus
swap,2,-300,49,0,4,0.0,jelpus,gerpus,jelpus
swap,2,-100,49,0,4,0.0,jelpus,gerpus,jelpus
swap,2,100,49,0,4,0.0,jelpus,gerpus,jelpus
swap,2,300,49,0,4,0.0,jelpus,gerpus,jelpus
swap,2,600,49,0,4,0.0,jelpus,gerpus,jelpus
swap,2,1200,49,0,4,0.0,jelpus,gerpus,jelpus
swap,3,-1200,49,0,4,0.0,jelpus,gerpus,jelpus
swap,3,-600,49,0,4,0.0,jelpus,gerpus,jelpus
swap,3,-300,49,0,4,0.0,jelpus,gerpus,jelpus
swap,3,-100,49,0,4,0.0,jelpus,gerpus,jelpus
swap,3,100,49,0,4,0.0,jelpus,gerpus,jelpus
swap,3,300,49,0,4,0.0,jelpus,gerpus,jelpus
swap,3,600,49,0,4,0.0,jelpus,gerpus,jelpus
swap,3,1200,49,0,4,0.0,jelpus,gerpus,jelpus
swap,4,-1200,49,0,4,0.0,jelpus,gerpus,jelpus
swap,4,-600,49,0,4,0.0,jelpus,gerpus,jelpus
swap,4,-300,49,0,4,0.0,jelpus,gerpus,jelpus
swap,4,-100,49,0,4,0.0,jelpus,gerpus,jelpus
swap,4,100,49,0,4,0.0,jelpus,gerpus,jelpus
swap,4,300,49,0,4,0.0,jelpus,gerpus,jelpus
swap,4,600,49,0,4,0.0,jelpus,gerpus,jelpus
swap,4,1200,49,0,4,0.0,jelpus,gerpus,jelpus
swap,5,-1200,49,0,4,0.0,jelpus,gerpus,jelpus
swap,5,-600,49,0,4,0.0,jelpus,gerpus,jelpus
swap,5,-300,49,0,4,0.0,jelpus,gerpus,jelpus
swap,5,-100,49,0,4,0.0,jelpus,gerpus,jelpus
swap,5,100,49,0,4,0.0,jelpus,gerpus,jelpus
swap,5,300,49,0,4,0.0,jelpus,gerpus,jelpus
swap,5,600,49,0,4,0.0,jelpus,gerpus,jelpus
swap,5,1200,49,0,4,0.0,jelpus,gerpus,jelpus
swap,0,0,50,1,4,0.0,gwompus,gwompus,worpus
swap,1,-1200,50,1,4,0.0,gwompus,gwompus,worpus
swap,1,-600,50,1,4,0.0,gwompus,gwompus,worpus
swap,1,-300,50,1,4,0.0,gwompus,gwompus,worpus
swap,1,-100,50,1,4,0.0,gwompus,gwompus,worpus
swap,1,100,50,1,4,0.0,gwompus,gwompus,worpus
swap,1,300,50,1,4,0.0,gwompus,gwompus,worpus
swap,1,600,50,1,4,0.0,gwompus,gwompus,worpus
swap,1,1200,50,1,4,0.0,gwompus,gwompus,worpus
swap,2,-1200,50,1,4,0.0,gwompus,gwompus,worpus
swap,2,-600,50,1,4,0.0,gwompus,gwompus,worpus
swap,2,-300,50,1,4,0.0,gwompus,gwompus,worpus
swap,2,-100,50,1,4,0.0,gwompus,gwompus,worpus
swap,2,100,50,1,4,0.0,gwompus,gwompus,worpus
swap,2,300,50,1,4,0.0,gwompus,gwompus,worpus
swap,2,600,50,1,4,0.0,gwompus,gwompus,worpus
swap,2,1200,50,1,4,0.0,gwompus,gwompus,worpus
swap,3,-1200,50,1,4,0.0,gwompus,gwompus,worpus
swap,3,-600,50,1,4,0.0,gwompus,gwompus,worpus
swap,3,-300,50,1,4,0.0,gwompus,gwompus,worpus
swap,3,-100,50,1,4,0.0,gwompus,gwompus,worpus
swap,3,100,50,1,4,0.0,gwompus,gwompus,worpus
swap,3,300,50,1,4,0.0,gwompus,gwompus,worpus
swap,3,600,50,1,4,0.0,gwompus,gwompus,worpus
swap,3,1200,50,1,4,0.0,gwompus,gwompus,worpus
swap,4,-1200,50,1,4,0.0,gwompus,gwompus,worpus
swap,4,-600,50,1,4,0.0,gwompus,gwompus,worpus
swap,4,-300,50,1,4,0.0,gwompus,gwompus,worpus
swap,4,-100,50,1,4,0.0,gwompus,gwompus,worpus
swap,4,100,50,1,4,0.0,gwompus,gwompus,worpus
swap,4,300,50,1,4,0.0,gwompus,gwompus,worpus
swap,4,600,50,1,4,0.0,gwompus,gwompus,worpus
swap,4,1200,50,1,4,0.0,gwompus,gwompus,worpus
swap,5,-1200,50,1,4,0.0,gwompus,gwompus,worpus
swap,5,-600,50,1,4,0.0,gwompus,gwompus,worpus
swap,5,-300,50,1,4,0.0,gwompus,gwompus,worpus
swap,5,-100,50,1,4,0.0,gwompus,gwompus,worpus
swap,5,100,50,1,4,0.0,gwompus,gwompus,worpus
swap,5,300,50,1,4,0.0,gwompus,gwompus,worpus
swap,5,600,50,1,4,0.0,gwompus,gwompus,worpus
swap,5,1200,50,1,4,0.0,gwompus,gwompus,worpus
swap,0,0,51,0,4,0.0,fompus,impus,fompus
swap,1,-1200,51,0,4,0.0,fompus,impus,fompus
swap,1,-600,51,0,4,0.0,fompus,impus,fompus
swap,1,-300,51,0,4,0.0,fompus,impus,fompus
swap,1,-100,51,0,4,0.0,fompus,impus,fompus
swap,1,100,51,0,4,0.0,fompus,impus,fompus
swap,1,300,51,0,4,0.0,fompus,impus,fompus
swap,1,600,51,0,4,0.0,fompus,impus,fompus
swap,1,1200,51,0,4,0.0,fompus,impus,fompus
swap,2,-1200,51,0,4,0.0,fompus,impus,fompus
swap,2,-600,51,0,4,0.0,fompus,impus,fompus
swap,2,-300,51,0,4,0.0,fompus,impus,fompus
swap,2,-100,51,0,4,0.0,fompus,impus,fompus
swap,2,100,51,0,4,0.0,fompus,impus,fompus
swap,2,300,51,0,4,0.0,fompus,impus,fompus
swap,2,600,51,0,4,0.0,fompus,impus,fompus
swap,2,1200,51,0,4,0.0,fompus,impus,fompus
swap,3,-1200,51,0,4,0.0,fompus,impus,fompus
swap,3,-600,51,0,4,0.0,fompus,impus,fompus
swap,3,-300,51,0,4,0.0,fompus,impus,fompus
swap,3,-100,51,0,4,0.0,fompus,impus,fompus
swap,3,100,51,0,4,0.0,fompus,impus,fompus
swap,3,300,51,0,4,0.0,fompus,impus,fompus
swap,3,600,51,0,4,0.0,fompus,impus,fompus
swap,3,1200,51,0,4,0.0,fompus,impus,fompus
swap,4,-1200,51,0,4,0.0,fompus,impus,fompus
swap,4,-600,51,0,4,0.0,fompus,impus,fompus
swap,4,-300,51,0,4,0.0,fompus,impus,fompus
swap,4,-100,51,0,4,0.0,fompus,impus,fompus
swap,4,100,51,0,4,0.0,fompus,impus,fompus
swap,4,300,51,0,4,0.0,fompus,impus,fompus
swap,4,600,51,0,4,0.0,fompus,impus,fompus
swap,4,1200,51,0,4,0.0,fompus,impus,fompus
swap,5,-1200,51,0,4,0.0,fompus,impus,fompus
swap,5,-600,51,0,4,0.0,fompus,impus,fompus
swap,5,-300,51,0,4,0.0,fompus,impus,fompus
swap,5,-100,51,0,4,0.0,fompus,impus,fompus
swap,5,100,51,0,4,0.0,fompus,impus,fompus
swap,5,300,51,0,4,0.0,fompus,impus,fompus
swap,5,600,51,0,4,0.0,fompus,impus,fompus
swap,5,1200,51,0,4,0.0,fompus,impus,fompus
swap,0,0,52,0,4,0.0,kerpus,brimpus,kerpus
swap,1,-1200,52,0,4,0.0,kerpus,brimpus,kerpus
swap,1,-600,52,0,4,0.0,kerpus,brimpus,kerpus
swap,1,-300,52,0,4,0.0,kerpus,brimpus,kerpus
swap,1,-100,52,0,4,0.0,kerpus,brimpus,kerpus
swap,1,100,52,0,4,0.0,kerpus,brimpus,kerpus
swap,1,300,52,0,4,0.0,kerpus,brimpus,kerpus
swap,1,600,52,0,4,0.0,kerpus,brimpus,kerpus
swap,1,1200,52,0,4,0.0,kerpus,brimpus,kerpus
swap,2,-1200,52,0,4,0.0,kerpus,brimpus,kerpus
swap,2,-600,52,0,4,0.0,kerpus,brimpus,kerpus
swap,2,-300,52,0,4,0.0,kerpus,brimpus,kerpus
swap,2,-100,52,0,4,0.0,kerpus,brimpus,kerpus
swap,2,100,52,0,4,0.0,kerpus,brimpus,kerpus
swap,2,300,52,0,4,0.0,kerpus,brimpus,kerpus
swap,2,600,52,0,4,0.0,kerpus,brimpus,kerpus
swap,2,1200,52,0,4,0.0,kerpus,brimpus,kerpus
swap,3,-1200,52,0,4,0.0,kerpus,brimpus,kerpus
swap,3,-600,52,0,4,0.0,kerpus,brimpus,kerpus
swap,3,-300,52,0,4,0.0,kerpus,brimpus,kerpus
swap,3,-100,52,0,4,0.0,kerpus,brimpus,kerpus
swap,3,100,52,0,4,0.0,kerpus,brimpus,kerpus
swap,3,300,52,0,4,0.0,kerpus,brimpus,kerpus
swap,3,600,52,0,4,0.0,kerpus,brimpus,kerpus
swap,3,1200,52,0,4,0.0,kerpus,brimpus,kerpus
swap,4,-1200,52,0,4,0.0,kerpus,brimpus,kerpus
swap,4,-600,52,0,4,0.0,kerpus,brimpus,kerpus
swap,4,-300,52,0,4,0.0,kerpus,brimpus,kerpus
swap,4,-100,52,0,4,0.0,kerpus,brimpus,kerpus
swap,4,100,52,0,4,0.0,kerpus,brimpus,kerpus
swap,4,300,52,0,4,0.0,kerpus,brimpus,kerpus
swap,4,600,52,0,4,0.0,kerpus,brimpus,kerpus
swap,4,1200,52,0,4,0.0,kerpus,brimpus,kerpus
swap,5,-1200,52,0,4,0.0,kerpus,brimpus,kerpus
swap,5,-600,52,0,4,0.0,kerpus,brimpus,kerpus
swap,5,-300,52,0,4,0.0,kerpus,brimpus,kerpus
swap,5,-100,52,0,4,0.0,kerpus,brimpus,kerpus
swap,5,100,52,0,4,0.0,kerpus,brimpus,kerpus
swap,5,300,52,0,4,0.0,kerpus,brimpus,kerpus
swap,5,600,52,0,4,0.0,kerpus,brimpus,kerpus
swap,5,1200,52,0,4,0.0,kerpus,brimpus,kerpus
swap,0,0,53,1,4,0.0,lempus,lempus,hilpus
swap,1,-1200,53,1,4,0.0,lempus,lempus,hilpus
swap,1,-600,53,1,4,0.0,lempus,lempus,hilpus
swap,1,-300,53,1,4,0.0,lempus,lempus,hilpus
swap,1,-100,53,1,4,0.0,lempus,lempus,hilpus
swap,1,100,53,1,4,0.0,lempus,lempus,hilpus
swap,1,300,53,1,4,0.0,lempus,lempus,hilpus
swap,1,600,53,1,4,0.0,lempus,lempus,hilpus
swap,1,1200,53,1,4,0.0,lempus,lempus,hilpus
swap,2,-1200,53,1,4,0.0,lempus,lempus,hilpus
swap,2,-600,53,1,4,0.0,lempus,lempus,hilpus
swap,2,-300,53,1,4,0.0,lempus,lempus,hilpus
swap,2,-100,53,1,4,0.0,lempus,lempus,hilpus
swap,2,100,53,1,4,0.0,lempus,lempus,hilpus
swap,2,300,53,1,4,0.0,lempus,lempus,hilpus
swap,2,600,53,1,4,0.0,lempus,lempus,hilpus
swap,2,1200,53,1,4,0.0,lempus,lempus,hilpus
swap,3,-1200,53,1,4,0.0,lempus,lempus,hilpus
swap,3,-600,53,1,4,0.0,lempus,lempus,hilpus
swap,3,-300,53,1,4,0.0,lempus,lempus,hilpus
swap,3,-100,53,1,4,0.0,lempus,lempus,hilpus
swap,3,100,53,1,4,0.0,lempus,lempus,hilpus
swap,3,300,53,1,4,0.0,lempus,lempus,hilpus
swap,3,600,53,1,4,0.0,lempus,lempus,hilpus
swap,3,1200,53,1,4,0.0,lempus,lempus,hilpus
swap,4,-1200,53,1,4,0.0,lempus,lempus,hilpus
swap,4,-600,53,1,4,0.0,lempus,lempus,hilpus
swap,4,-300,53,1,4,0.0,lempus,lempus,hilpus
swap,4,-100,53,1,4,0.0,lempus,lempus,hilpus
swap,4,100,53,1,4,0.0,lempus,lempus,hilpus
swap,4,300,53,1,4,0.0,lempus,lempus,hilpus
swap,4,600,53,1,4,0.0,lempus,lempus,hilpus
swap,4,1200,53,1,4,0.0,lempus,lempus,hilpus
swap,5,-1200,53,1,4,0.0,lempus,lempus,hilpus
swap,5,-600,53,1,4,0.0,lempus,lempus,hilpus
swap,5,-300,53,1,4,0.0,lempus,lempus,hilpus
swap,5,-100,53,1,4,0.0,lempus,lempus,hilpus
swap,5,100,53,1,4,0.0,lempus,lempus,hilpus
swap,5,300,53,1,4,0.0,lempus,lempus,hilpus
swap,5,600,53,1,4,0.0,lempus,lempus,hilpus
swap,5,1200,53,1,4,0.0,lempus,lempus,hilpus
swap,0,0,54,1,4,0.0,zhorpus,zhorpus,bompus
swap,1,-1200,54,1,4,0.0,zhorpus,zhorpus,bompus
swap,1,-600,54,1,4,0.0,zhorpus,zhorpus,bompus
swap,1,-300,54,1,4,0.0,zhorpus,zhorpus,bompus
swap,1,-100,54,1,4,0.0,zhorpus,zhorpus,bompus
swap,1,100,54,1,4,0.0,zhorpus,zhorpus,bompus
swap,1,300,54,1,4,0.0,zhorpus,zhorpus,bompus
swap,1,600,54,1,4,0.0,zhorpus,zhorpus,bompus
swap,1,1200,54,1,4,0.0,zhorpus,zhorpus,bompus
swap,2,-1200,54,1,4,0.0,zhorpus,zhorpus,bompus
swap,2,-600,54,1,4,0.0,zhorpus,zhorpus,bompus
swap,2,-300,54,1,4,0.0,zhorpus,zhorpus,bompus
swap,2,-100,54,1,4,0.0,zhorpus,zhorpus,bompus
swap,2,100,54,1,4,0.0,zhorpus,zhorpus,bompus
swap,2,300,54,1,4,0.0,zhorpus,zhorpus,bompus
swap,2,600,54,1,4,0.0,zhorpus,zhorpus,bompus
swap,2,1200,54,1,4,0.0,zhorpus,zhorpus,bompus
swap,3,-1200,54,1,4,0.0,zhorpus,zhorpus,bompus
swap,3,-600,54,1,4,0.0,zhorpus,zhorpus,bompus
swap,3,-300,54,1,4,0.0,zhorpus,zhorpus,bompus
swap,3,-100,54,1,4,0.0,zhorpus,zhorpus,bompus
swap,3,100,54,1,4,0.0,zhorpus,zhorpus,bompus
swap,3,300,54,1,4,0.0,zhorpus,zhorpus,bompus
swap,3,600,54,1,4,0.0,zhorpus,zhorpus,bompus
swap,3,1200,54,1,4,0.0,zhorpus,zhorpus,bompus
swap,4,-1200,54,1,4,0.0,zhorpus,zhorpus,bompus
swap,4,-600,54,1,4,0.0,zhorpus,zhorpus,bompus
swap,4,-300,54,1,4,0.0,zhorpus,zhorpus,bompus
swap,4,-100,54,1,4,0.0,zhorpus,zhorpus,bompus
swap,4,100,54,1,4,0.0,zhorpus,zhorpus,bompus
swap,4,300,54,1,4,0.0,zhorpus,zhorpus,bompus
swap,4,600,54,1,4,0.0,zhorpus,zhorpus,bompus
swap,4,1200,54,1,4,0.0,zhorpus,zhorpus,bompus
swap,5,-1200,54,1,4,0.0,zhorpus,zhorpus,bompus
swap,5,-600,54,1,4,0.0,zhorpus,zhorpus,bompus
swap,5,-300,54,1,4,0.0,zhorpus,zhorpus,bompus
swap,5,-100,54,1,4,0.0,zhorpus,zhorpus,bompus
swap,5,100,54,1,4,0.0,zhorpus,zhorpus,bompus
swap,5,300,54,1,4,0.0,zhorpus,zhorpus,bompus
swap,5,600,54,1,4,0.0,zhorpus,zhorpus,bompus
swap,5,1200,54,1,4,0.0,zhorpus,zhorpus,bompus
swap,0,0,55,1,4,0.0,felpus,felpus,tumpus
swap,1,-1200,55,1,4,0.0,felpus,felpus,tumpus
swap,1,-600,55,1,4,0.0,felpus,felpus,tumpus
swap,1,-300,55,1,4,0.0,felpus,felpus,tumpus
swap,1,-100,55,1,4,0.0,felpus,felpus,tumpus
swap,1,100,55,1,4,0.0,felpus,felpus,tumpus
swap,1,300,55,1,4,0.0,felpus,felpus,tumpus
swap,1,600,55,1,4,0.0,felpus,felpus,tumpus
swap,1,1200,55,1,4,0.0,felpus,felpus,tumpus
swap,2,-1200,55,1,4,0.0,felpus,felpus,tumpus
swap,2,-600,55,1,4,0.0,felpus,felpus,tumpus
swap,2,-300,55,1,4,0.0,felpus,felpus,tumpus
swap,2,-100,55,1,4,0.0,felpus,felpus,tumpus
swap,2,100,55,1,4,0.0,felpus,felpus,tumpus
swap,2,300,55,1,4,0.0,felpus,felpus,tumpus
swap,2,600,55,1,4,0.0,felpus,felpus,tumpus
swap,2,1200,55,1,4,0.0,felpus,felpus,tumpus
swap,3,-1200,55,1,4,0.0,felpus,felpus,tumpus
swap,3,-600,55,1,4,0.0,felpus,felpus,tumpus
swap,3,-300,55,1,4,0.0,felpus,felpus,tumpus
swap,3,-100,55,1,4,0.0,felpus,felpus,tumpus
swap,3,100,55,1,4,0.0,felpus,felpus,tumpus
swap,3,300,55,1,4,0.0,felpus,felpus,tumpus
swap,3,600,55,1,4,0.0,felpus,felpus,tumpus
swap,3,1200,55,1,4,0.0,felpus,felpus,tumpus
swap,4,-1200,55,1,4,0.0,felpus,felpus,tumpus
swap,4,-600,55,1,4,0.0,felpus,felpus,tumpus
swap,4,-300,55,1,4,0.0,felpus,felpus,tumpus
swap,4,-100,55,1,4,0.0,felpus,felpus,tumpus
swap,4,100,55,1,4,0.0,felpus,felpus,tumpus
swap,4,300,55,1,4,0.0,felpus,felpus,tumpus
swap,4,600,55,1,4,0.0,felpus,felpus,tumpus
swap,4,1200,55,1,4,0.0,felpus,felpus,tumpus
swap,5,-1200,55,1,4,0.0,felpus,felpus,tumpus
swap,5,-600,55,1,4,0.0,felpus,felpus,tumpus
swap,5,-300,55,1,4,0.0,felpus,felpus,tumpus
swap,5,-100,55,1,4,0.0,felpus,felpus,tumpus
swap,5,100,55,1,4,0.0,felpus,felpus,tumpus
swap,5,300,55,1,4,0.0,felpus,felpus,tumpus
swap,5,600,55,1,4,0.0,felpus,felpus,tumpus
swap,5,1200,55,1,4,0.0,felpus,felpus,tumpus
swap,0,0,56,1,4,0.0,gorpus,gorpus,terpus
swap,1,-1200,56,1,4,0.0,gorpus,gorpus,terpus
swap,1,-600,56,1,4,0.0,gorpus,gorpus,terpus
swap,1,-300,56,1,4,0.0,gorpus,gorpus,terpus
swap,1,-100,56,1,4,0.0,gorpus,gorpus,terpus
swap,1,100,56,1,4,0.0,gorpus,gorpus,terpus
swap,1,300,56,1,4,0.0,gorpus,gorpus,terpus
swap,1,600,56,1,4,0.0,gorpus,gorpus,terpus
swap,1,1200,56,1,4,0.0,gorpus,gorpus,terpus
swap,2,-1200,56,1,4,0.0,gorpus,gorpus,terpus
swap,2,-600,56,1,4,0.0,gorpus,gorpus,terpus
swap,2,-300,56,1,4,0.0,gorpus,gorpus,terpus
swap,2,-100,56,1,4,0.0,gorpus,gorpus,terpus
swap,2,100,56,1,4,0.0,gorpus,gorpus,terpus
swap,2,300,56,1,4,0.0,gorpus,gorpus,terpus
swap,2,600,56,1,4,0.0,gorpus,gorpus,terpus
swap,2,1200,56,1,4,0.0,gorpus,gorpus,terpus
swap,3,-1200,56,1,4,0.0,gorpus,gorpus,terpus
swap,3,-600,56,1,4,0.0,gorpus,gorpus,terpus
swap,3,-300,56,1,4,0.0,gorpus,gorpus,terpus
swap,3,-100,56,1,4,0.0,gorpus,gorpus,terpus
swap,3,100,56,1,4,0.0,gorpus,gorpus,terpus
swap,3,300,56,1,4,0.0,gorpus,gorpus,terpus
swap,3,600,56,1,4,0.0,gorpus,gorpus,terpus
swap,3,1200,56,1,4,0.0,gorpus,gorpus,terpus
swap,4,-1200,56,1,4,0.0,gorpus,gorpus,terpus
swap,4,-600,56,1,4,0.0,gorpus,gorpus,terpus
swap,4,-300,56,1,4,0.0,gorpus,gorpus,terpus
swap,4,-100,56,1,4,0.0,gorpus,gorpus,terpus
swap,4,100,56,1,4,0.0,gorpus,gorpus,terpus
swap,4,300,56,1,4,0.0,gorpus,gorpus,terpus
swap,4,600,56,1,4,0.0,gorpus,gorpus,terpus
swap,4,1200,56,1,4,0.0,gorpus,gorpus,terpus
swap,5,-1200,56,1,4,0.0,gorpus,gorpus,terpus
swap,5,-600,56,1,4,0.0,gorpus,gorpus,terpus
swap,5,-300,56,1,4,0.0,gorpus,gorpus,terpus
swap,5,-100,56,1,4,0.0,gorpus,gorpus,terpus
swap,5,100,56,1,4,0.0,gorpus,gorpus,terpus
swap,5,300,56,1,4,0.0,gorpus,gorpus,terpus
swap,5,600,56,1,4,0.0,gorpus,gorpus,terpus
swap,5,1200,56,1,4,0.0,gorpus,gorpus,terpus
swap,0,0,57,1,4,0.0,worpus,worpus,impus
swap,1,-1200,57,1,4,0.0,worpus,worpus,impus
swap,1,-600,57,1,4,0.0,worpus,worpus,impus
swap,1,-300,57,1,4,0.0,worpus,worpus,impus
swap,1,-100,57,1,4,0.0,worpus,worpus,impus
swap,1,100,57,1,4,0.0,worpus,worpus,impus
swap,1,300,57,1,4,0.0,worpus,worpus,impus
swap,1,600,57,1,4,0.0,worpus,worpus,impus
swap,1,1200,57,1,4,0.0,worpus,worpus,impus
swap,2,-1200,57,1,4,0.0,worpus,worpus,impus
swap,2,-600,57,1,4,0.0,worpus,worpus,impus
swap,2,-300,57,1,4,0.0,worpus,worpus,impus
swap,2,-100,57,1,4,0.0,worpus,worpus,impus
swap,2,100,57,1,4,0.0,worpus,worpus,impus
swap,2,300,57,1,4,0.0,worpus,worpus,impus
swap,2,600,57,1,4,0.0,worpus,worpus,impus
swap,2,1200,57,1,4,0.0,worpus,worpus,impus
swap,3,-1200,57,1,4,0.0,worpus,worpus,impus
swap,3,-600,57,1,4,0.0,worpus,worpus,impus
swap,3,-300,57,1,4,0.0,worpus,worpus,impus
swap,3,-100,57,1,4,0.0,worpus,worpus,impus
swap,3,100,57,1,4,0.0,worpus,worpus,impus
swap,3,300,57,1,4,0.0,worpus,worpus,impus
swap,3,600,57,1,4,0.0,worpus,worpus,impus
swap,3,1200,57,1,4,0.0,worpus,worpus,impus
swap,4,-1200,57,1,4,0.0,worpus,worpus,impus
swap,4,-600,57,1,4,0.0,worpus,worpus,impus
swap,4,-300,57,1,4,0.0,worpus,worpus,impus
swap,4,-100,57,1,4,0.0,worpus,worpus,impus
swap,4,100,57,1,4,0.0,worpus,worpus,impus
swap,4,300,57,1,4,0.0,worpus,worpus,impus
swap,4,600,57,1,4,0.0,worpus,worpus,impus
swap,4,1200,57,1,4,0.0,worpus,worpus,impus
swap,5,-1200,57,1,4,0.0,worpus,worpus,impus
swap,5,-600,57,1,4,0.0,worpus,worpus,impus
swap,5,-300,57,1,4,0.0,worpus,worpus,impus
swap,5,-100,57,1,4,0.0,worpus,worpus,impus
swap,5,100,57,1,4,0.0,worpus,worpus,impus
swap,5,300,57,1,4,0.0,worpus,worpus,impus
swap,5,600,57,1,4,0.0,worpus,worpus,impus
swap,5,1200,57,1,4,0.0,worpus,worpus,impus
swap,0,0,58,1,4,0.0,jompus,jompus,grimpus
swap,1,-1200,58,1,4,0.0,jompus,jompus,grimpus
swap,1,-600,58,1,4,0.0,jompus,jompus,grimpus
swap,1,-300,58,1,4,0.0,jompus,jompus,grimpus
swap,1,-100,58,1,4,0.0,jompus,jompus,grimpus
swap,1,100,58,1,4,0.0,jompus,jompus,grimpus
swap,1,300,58,1,4,0.0,jompus,jompus,grimpus
swap,1,600,58,1,4,0.0,jompus,jompus,grimpus
swap,1,1200,58,1,4,0.0,jompus,jompus,grimpus
swap,2,-1200,58,1,4,0.0,jompus,jompus,grimpus
swap,2,-600,58,1,4,0.0,jompus,jompus,grimpus
swap,2,-300,58,1,4,0.0,jompus,jompus,grimpus
swap,2,-100,58,1,4,0.0,jompus,jompus,grimpus
swap,2,100,58,1,4,0.0,jompus,jompus,grimpus
swap,2,300,58,1,4,0.0,jompus,jompus,grimpus
swap,2,600,58,1,4,0.0,jompus,jompus,grimpus
swap,2,1200,58,1,4,0.0,jompus,jompus,grimpus
swap,3,-1200,58,1,4,0.0,jompus,jompus,grimpus
swap,3,-600,58,1,4,0.0,jompus,jompus,grimpus
swap,3,-300,58,1,4,0.0,jompus,jompus,grimpus
swap,3,-100,58,1,4,0.0,jompus,jompus,grimpus
swap,3,100,58,1,4,0.0,jompus,jompus,grimpus
swap,3,300,58,1,4,0.0,jompus,jompus,grimpus
swap,3,600,58,1,4,0.0,jompus,jompus,grimpus
swap,3,1200,58,1,4,0.0,jompus,jompus,grimpus
swap,4,-1200,58,1,4,0.0,jompus,jompus,grimpus
swap,4,-600,58,1,4,0.0,jompus,jompus,grimpus
swap,4,-300,58,1,4,0.0,jompus,jompus,grimpus
swap,4,-100,58,1,4,0.0,jompus,jompus,grimpus
swap,4,100,58,1,4,0.0,jompus,jompus,grimpus
swap,4,300,58,1,4,0.0,jompus,jompus,grimpus
swap,4,600,58,1,4,0.0,jompus,jompus,grimpus
swap,4,1200,58,1,4,0.0,jompus,jompus,grimpus
swap,5,-1200,58,1,4,0.0,jompus,jompus,grimpus
swap,5,-600,58,1,4,0.0,jompus,jompus,grimpus
swap,5,-300,58,1,4,0.0,jompus,jompus,grimpus
swap,5,-100,58,1,4,0.0,jompus,jompus,grimpus
swap,5,100,58,1,4,0.0,jompus,jompus,grimpus
swap,5,300,58,1,4,0.0,jompus,jompus,grimpus
swap,5,600,58,1,4,0.0,jompus,jompus,grimpus
swap,5,1200,58,1,4,0.0,jompus,jompus,grimpus
swap,0,0,59,1,4,0.0,fompus,fompus,yerpus
swap,1,-1200,59,1,4,0.0,fompus,fompus,yerpus
swap,1,-600,59,1,4,0.0,fompus,fompus,yerpus
swap,1,-300,59,1,4,0.0,fompus,fompus,yerpus
swap,1,-100,59,1,4,0.0,fompus,fompus,yerpus
swap,1,100,59,1,4,0.0,fompus,fompus,yerpus
swap,1,300,59,1,4,0.0,fompus,fompus,yerpus
swap,1,600,59,1,4,0.0,fompus,fompus,yerpus
swap,1,1200,59,1,4,0.0,fompus,fompus,yerpus
swap,2,-1200,59,1,4,0.0,fompus,fompus,yerpus
swap,2,-600,59,1,4,0.0,fompus,fompus,yerpus
swap,2,-300,59,1,4,0.0,fompus,fompus,yerpus
swap,2,-100,59,1,4,0.0,fompus,fompus,yerpus
swap,2,100,59,1,4,0.0,fompus,fompus,yerpus
swap,2,300,59,1,4,0.0,fompus,fompus,yerpus
swap,2,600,59,1,4,0.0,fompus,fompus,yerpus
swap,2,1200,59,1,4,0.0,fompus,fompus,yerpus
swap,3,-1200,59,1,4,0.0,fompus,fompus,yerpus
swap,3,-600,59,1,4,0.0,fompus,fompus,yerpus
swap,3,-300,59,1,4,0.0,fompus,fompus,yerpus
swap,3,-100,59,1,4,0.0,fompus,fompus,yerpus
swap,3,100,59,1,4,0.0,fompus,fompus,yerpus
swap,3,300,59,1,4,0.0,fompus,fompus,yerpus
swap,3,600,59,1,4,0.0,fompus,fompus,yerpus
swap,3,1200,59,1,4,0.0,fompus,fompus,yerpus
swap,4,-1200,59,1,4,0.0,fompus,fompus,yerpus
swap,4,-600,59,1,4,0.0,fompus,fompus,yerpus
swap,4,-300,59,1,4,0.0,fompus,fompus,yerpus
swap,4,-100,59,1,4,0.0,fompus,fompus,yerpus
swap,4,100,59,1,4,0.0,fompus,fompus,yerpus
swap,4,300,59,1,4,0.0,fompus,fompus,yerpus
swap,4,600,59,1,4,0.0,fompus,fompus,yerpus
swap,4,1200,59,1,4,0.0,fompus,fompus,yerpus
swap,5,-1200,59,1,4,0.0,fompus,fompus,yerpus
swap,5,-600,59,1,4,0.0,fompus,fompus,yerpus
swap,5,-300,59,1,4,0.0,fompus,fompus,yerpus
swap,5,-100,59,1,4,0.0,fompus,fompus,yerpus
swap,5,100,59,1,4,0.0,fompus,fompus,yerpus
swap,5,300,59,1,4,0.0,fompus,fompus,yerpus
swap,5,600,59,1,4,0.0,fompus,fompus,yerpus
swap,5,1200,59,1,4,0.0,fompus,fompus,yerpus
swap,0,0,60,0,3,0.0,boompus,zumpus,boompus
swap,1,-1200,60,0,3,0.0,boompus,zumpus,boompus
swap,1,-600,60,0,3,0.0,boompus,zumpus,boompus
swap,1,-300,60,0,3,0.0,boompus,zumpus,boompus
swap,1,-100,60,0,3,0.0,boompus,zumpus,boompus
swap,1,100,60,0,3,0.0,boompus,zumpus,boompus
swap,1,300,60,0,3,0.0,boompus,zumpus,boompus
swap,1,600,60,0,3,0.0,boompus,zumpus,boompus
swap,1,1200,60,0,3,0.0,boompus,zumpus,boompus
swap,2,-1200,60,0,3,0.0,boompus,zumpus,boompus
swap,2,-600,60,0,3,0.0,boompus,zumpus,boompus
swap,2,-300,60,0,3,0.0,boompus,zumpus,boompus
swap,2,-100,60,0,3,0.0,boompus,zumpus,boompus
swap,2,100,60,0,3,0.0,boompus,zumpus,boompus
swap,2,300,60,0,3,0.0,boompus,zumpus,boompus
swap,2,600,60,0,3,0.0,boompus,zumpus,boompus
swap,2,1200,60,0,3,0.0,boompus,zumpus,boompus
swap,3,-1200,60,0,3,0.0,boompus,zumpus,boompus
swap,3,-600,60,0,3,0.0,boompus,zumpus,boompus
swap,3,-300,60,0,3,0.0,boompus,zumpus,boompus
swap,3,-100,60,0,3,0.0,boompus,zumpus,boompus
swap,3,100,60,0,3,0.0,boompus,zumpus,boompus
swap,3,300,60,0,3,0.0,boompus,zumpus,boompus
swap,3,600,60,0,3,0.0,boompus,zumpus,boompus
swap,3,1200,60,0,3,0.0,boompus,zumpus,boompus
swap,4,-1200,60,0,3,0.0,boompus,zumpus,boompus
swap,4,-600,60,0,3,0.0,boompus,zumpus,boompus
swap,4,-300,60,0,3,0.0,boompus,zumpus,boompus
swap,4,-100,60,0,3,0.0,boompus,zumpus,boompus
swap,4,100,60,0,3,0.0,boompus,zumpus,boompus
swap,4,300,60,0,3,0.0,boompus,zumpus,boompus
swap,4,600,60,0,3,0.0,boompus,zumpus,boompus
swap,4,1200,60,0,3,0.0,boompus,zumpus,boompus
swap,5,-1200,60,0,3,0.0,boompus,zumpus,boompus
swap,5,-600,60,0,3,0.0,boompus,zumpus,boompus
swap,5,-300,60,0,3,0.0,boompus,zumpus,boompus
swap,5,-100,60,0,3,0.0,boompus,zumpus,boompus
swap,5,100,60,0,3,0.0,boompus,zumpus,boompus
swap,5,300,60,0,3,0.0,boompus,zumpus,boompus
swap,5,600,60,0,3,0.0,boompus,zumpus,boompus
swap,5,1200,60,0,3,0.0,boompus,zumpus,boompus
swap,0,0,61,1,6,0.0,kerpus,kerpus,chorpus
swap,1,-1200,61,1,6,0.0,kerpus,kerpus,chorpus
swap,1,-600,61,1,6,0.0,kerpus,kerpus,chorpus
swap,1,-300,61,1,6,0.0,kerpus,kerpus,chorpus
swap,1,-100,61,1,6,0.0,kerpus,kerpus,chorpus
swap,1,100,61,1,6,0.0,kerpus,kerpus,chorpus
swap,1,300,61,1,6,0.0,kerpus,kerpus,chorpus
swap,1,600,61,1,6,0.0,kerpus,kerpus,chorpus
swap,1,1200,61,1,6,0.0,kerpus,kerpus,chorpus
swap,2,-1200,61,1,6,0.0,kerpus,kerpus,chorpus
swap,2,-600,61,1,6,0.0,kerpus,kerpus,chorpus
swap,2,-300,61,1,6,0.0,kerpus,kerpus,chorpus
swap,2,-100,61,1,6,0.0,kerpus,kerpus,chorpus
swap,2,100,61,1,6,0.0,kerpus,kerpus,chorpus
swap,2,300,61,1,6,0.0,kerpus,kerpus,chorpus
swap,2,600,61,1,6,0.0,kerpus,kerpus,chorpus
swap,2,1200,61,1,6,0.0,kerpus,kerpus,chorpus
swap,3,-1200,61,1,6,0.0,kerpus,kerpus,chorpus
swap,3,-600,61,1,6,0.0,kerpus,kerpus,chorpus
swap,3,-300,61,1,6,0.0,kerpus,kerpus,chorpus
swap,3,-100,61,1,6,0.0,kerpus,kerpus,chorpus
swap,3,100,61,1,6,0.0,kerpus,kerpus,chorpus
swap,3,300,61,1,6,0.0,kerpus,kerpus,chorpus
swap,3,600,61,1,6,0.0,kerpus,kerpus,chorpus
swap,3,1200,61,1,6,0.0,kerpus,kerpus,chorpus
swap,4,-1200,61,1,6,0.0,kerpus,kerpus,chorpus
swap,4,-600,61,1,6,0.0,kerpus,kerpus,chorpus
swap,4,-300,61,1,6,0.0,kerpus,kerpus,chorpus
swap,4,-100,61,1,6,0.0,kerpus,kerpus,chorpus
swap,4,100,61,1,6,0.0,kerpus,kerpus,chorpus
swap,4,300,61,1,6,0.0,kerpus,kerpus,chorpus
swap,4,600,61,1,6,0.0,kerpus,kerpus,chorpus
swap,4,1200,61,1,6,0.0,kerpus,kerpus,chorpus
swap,5,-1200,61,1,6,0.0,kerpus,kerpus,chorpus
swap,5,-600,61,1,6,0.0,kerpus,kerpus,chorpus
swap,5,-300,61,1,6,0.0,kerpus,kerpus,chorpus
swap,5,-100,61,1,6,0.0,kerpus,kerpus,chorpus
swap,5,100,61,1,6,0.0,kerpus,kerpus,chorpus
swap,5,300,61,1,6,0.0,kerpus,kerpus,chorpus
swap,5,600,61,1,6,0.0,kerpus,kerpus,chorpus
swap,5,1200,61,1,6,0.0,kerpus,kerpus,chorpus
swap,0,0,62,0,3,0.0,gorpus,tumpus,gorpus
swap,1,-1200,62,0,3,0.0,gorpus,tumpus,gorpus
swap,1,-600,62,0,3,0.0,gorpus,tumpus,gorpus
swap,1,-300,62,0,3,0.0,gorpus,tumpus,gorpus
swap,1,-100,62,0,3,0.0,gorpus,tumpus,gorpus
swap,1,100,62,0,3,0.0,gorpus,tumpus,gorpus
swap,1,300,62,0,3,0.0,gorpus,tumpus,gorpus
swap,1,600,62,0,3,0.0,gorpus,tumpus,gorpus
swap,1,1200,62,0,3,0.0,gorpus,tumpus,gorpus
swap,2,-1200,62,0,3,0.0,gorpus,tumpus,gorpus
swap,2,-600,62,0,3,0.0,gorpus,tumpus,gorpus
swap,2,-300,62,0,3,0.0,gorpus,tumpus,gorpus
swap,2,-100,62,0,3,0.0,gorpus,tumpus,gorpus
swap,2,100,62,0,3,0.0,gorpus,tumpus,gorpus
swap,2,300,62,0,3,0.0,gorpus,tumpus,gorpus
swap,2,600,62,0,3,0.0,gorpus,tumpus,gorpus
swap,2,1200,62,0,3,0.0,gorpus,tumpus,gorpus
swap,3,-1200,62,0,3,0.0,gorpus,tumpus,gorpus
swap,3,-600,62,0,3,0.0,gorpus,tumpus,gorpus
swap,3,-300,62,0,3,0.0,gorpus,tumpus,gorpus
swap,3,-100,62,0,3,0.0,gorpus,tumpus,gorpus
swap,3,100,62,0,3,0.0,gorpus,tumpus,gorpus
swap,3,300,62,0,3,0.0,gorpus,tumpus,gorpus
swap,3,600,62,0,3,0.0,gorpus,tumpus,gorpus
swap,3,1200,62,0,3,0.0,gorpus,tumpus,gorpus
swap,4,-1200,62,0,3,0.0,gorpus,tumpus,gorpus
swap,4,-600,62,0,3,0.0,gorpus,tumpus,gorpus
swap,4,-300,62,0,3,0.0,gorpus,tumpus,gorpus
swap,4,-100,62,0,3,0.0,gorpus,tumpus,gorpus
swap,4,100,62,0,3,0.0,gorpus,tumpus,gorpus
swap,4,300,62,0,3,0.0,gorpus,tumpus,gorpus
swap,4,600,62,0,3,0.0,gorpus,tumpus,gorpus
swap,4,1200,62,0,3,0.0,gorpus,tumpus,gorpus
swap,5,-1200,62,0,3,0.0,gorpus,tumpus,gorpus
swap,5,-600,62,0,3,0.0,gorpus,tumpus,gorpus
swap,5,-300,62,0,3,0.0,gorpus,tumpus,gorpus
swap,5,-100,62,0,3,0.0,gorpus,tumpus,gorpus
swap,5,100,62,0,3,0.0,gorpus,tumpus,gorpus
swap,5,300,62,0,3,0.0,gorpus,tumpus,gorpus
swap,5,600,62,0,3,0.0,gorpus,tumpus,gorpus
swap,5,1200,62,0,3,0.0,gorpus,tumpus,gorpus
swap,0,0,63,1,4,0.0,felpus,felpus,boompus
swap,1,-1200,63,1,4,0.0,felpus,felpus,boompus
swap,1,-600,63,1,4,0.0,felpus,felpus,boompus
swap,1,-300,63,1,4,0.0,felpus,felpus,boompus
swap,1,-100,63,1,4,0.0,felpus,felpus,boompus
swap,1,100,63,1,4,0.0,felpus,felpus,boompus
swap,1,300,63,1,4,0.0,felpus,felpus,boompus
swap,1,600,63,1,4,0.0,felpus,felpus,boompus
swap,1,1200,63,1,4,0.0,felpus,felpus,boompus
swap,2,-1200,63,1,4,0.0,felpus,felpus,boompus
swap,2,-600,63,1,4,0.0,felpus,felpus,boompus
swap,2,-300,63,1,4,0.0,felpus,felpus,boompus
swap,2,-100,63,1,4,0.0,felpus,felpus,boompus
swap,2,100,63,1,4,0.0,felpus,felpus,boompus
swap,2,300,63,1,4,0.0,felpus,felpus,boompus
swap,2,600,63,1,4,0.0,felpus,felpus,boompus
swap,2,1200,63,1,4,0.0,felpus,felpus,boompus
swap,3,-1200,63,1,4,0.0,felpus,felpus,boompus
swap,3,-600,63,1,4,0.0,felpus,felpus,boompus
swap,3,-300,63,1,4,0.0,felpus,felpus,boompus
swap,3,-100,63,1,4,0.0,felpus,felpus,boompus
swap,3,100,63,1,4,0.0,felpus,felpus,boompus
swap,3,300,63,1,4,0.0,felpus,felpus,boompus
swap,3,600,63,1,4,0.0,felpus,felpus,boompus
swap,3,1200,63,1,4,0.0,felpus,felpus,boompus
swap,4,-1200,63,1,4,0.0,felpus,felpus,boompus
swap,4,-600,63,1,4,0.0,felpus,felpus,boompus
swap,4,-300,63,1,4,0.0,felpus,felpus,boompus
swap,4,-100,63,1,4,0.0,felpus,felpus,boompus
swap,4,100,63,1,4,0.0,felpus,felpus,boompus
swap,4,300,63,1,4,0.0,felpus,felpus,boompus
swap,4,600,63,1,4,0.0,felpus,felpus,boompus
swap,4,1200,63,1,4,0.0,felpus,felpus,boompus
swap,5,-1200,63,1,4,0.0,felpus,felpus,boompus
swap,5,-600,63,1,4,0.0,felpus,felpus,boompus
swap,5,-300,63,1,4,0.0,felpus,felpus,boompus
swap,5,-100,63,1,4,0.0,felpus,felpus,boompus
swap,5,100,63,1,4,0.0,felpus,felpus,boompus
swap,5,300,63,1,4,0.0,felpus,felpus,boompus
swap,5,600,63,1,4,0.0,felpus,felpus,boompus
swap,5,1200,63,1,4,0.0,felpus,felpus,boompus
swap,0,0,64,1,3,0.0,rompus,rompus,vumpus
swap,1,-1200,64,1,3,0.0,rompus,rompus,vumpus
swap,1,-600,64,1,3,0.0,rompus,rompus,vumpus
swap,1,-300,64,1,3,0.0,rompus,rompus,vumpus
swap,1,-100,64,1,3,0.0,rompus,rompus,vumpus
swap,1,100,64,1,3,0.0,rompus,rompus,vumpus
swap,1,300,64,1,3,0.0,rompus,rompus,vumpus
swap,1,600,64,1,3,0.0,rompus,rompus,vumpus
swap,1,1200,64,1,3,0.0,rompus,rompus,vumpus
swap,2,-1200,64,1,3,0.0,rompus,rompus,vumpus
swap,2,-600,64,1,3,0.0,rompus,rompus,vumpus
swap,2,-300,64,1,3,0.0,rompus,rompus,vumpus
swap,2,-100,64,1,3,0.0,rompus,rompus,vumpus
swap,2,100,64,1,3,0.0,rompus,rompus,vumpus
swap,2,300,64,1,3,0.0,rompus,rompus,vumpus
swap,2,600,64,1,3,0.0,rompus,rompus,vumpus
swap,2,1200,64,1,3,0.0,rompus,rompus,vumpus
swap,3,-1200,64,1,3,0.0,rompus,rompus,vumpus
swap,3,-600,64,1,3,0.0,rompus,rompus,vumpus
swap,3,-300,64,1,3,0.0,rompus,rompus,vumpus
swap,3,-100,64,1,3,0.0,rompus,rompus,vumpus
swap,3,100,64,1,3,0.0,rompus,rompus,vumpus
swap,3,300,64,1,3,0.0,rompus,rompus,vumpus
swap,3,600,64,1,3,0.0,rompus,rompus,vumpus
swap,3,1200,64,1,3,0.0,rompus,rompus,vumpus
swap,4,-1200,64,1,3,0.0,rompus,rompus,vumpus
swap,4,-600,64,1,3,0.0,rompus,rompus,vumpus
swap,4,-300,64,1,3,0.0,rompus,rompus,vumpus
swap,4,-100,64,1,3,0.0,rompus,rompus,vumpus
swap,4,100,64,1,3,0.0,rompus,rompus,vumpus
swap,4,300,64,1,3,0.0,rompus,rompus,vumpus
swap,4,600,64,1,3,0.0,rompus,rompus,vumpus
swap,4,1200,64,1,3,0.0,rompus,rompus,vumpus
swap,5,-1200,64,1,3,0.0,rompus,rompus,vumpus
swap,5,-600,64,1,3,0.0,rompus,rompus,vumpus
swap,5,-300,64,1,3,0.0,rompus,rompus,vumpus
swap,5,-100,64,1,3,0.0,rompus,rompus,vumpus
swap,5,100,64,1,3,0.0,rompus,rompus,vumpus
swap,5,300,64,1,3,0.0,rompus,rompus,vumpus
swap,5,600,64,1,3,0.0,rompus,rompus,vumpus
swap,5,1200,64,1,3,0.0,rompus,rompus,vumpus
swap,0,0,65,1,3,0.0,zhorpus,zhorpus,shumpus
swap,1,-1200,65,1,3,0.0,zhorpus,zhorpus,shumpus
swap,1,-600,65,1,3,0.0,zhorpus,zhorpus,shumpus
swap,1,-300,65,1,3,0.0,zhorpus,zhorpus,shumpus
swap,1,-100,65,1,3,0.0,zhorpus,zhorpus,shumpus
swap,1,100,65,1,3,0.0,zhorpus,zhorpus,shumpus
swap,1,300,65,1,3,0.0,zhorpus,zhorpus,shumpus
swap,1,600,65,1,3,0.0,zhorpus,zhorpus,shumpus
swap,1,1200,65,1,3,0.0,zhorpus,zhorpus,shumpus
swap,2,-1200,65,1,3,0.0,zhorpus,zhorpus,shumpus
swap,2,-600,65,1,3,0.0,zhorpus,zhorpus,shumpus
swap,2,-300,65,1,3,0.0,zhorpus,zhorpus,shumpus
swap,2,-100,65,1,3,0.0,zhorpus,zhorpus,shumpus
swap,2,100,65,1,3,0.0,zhorpus,zhorpus,shumpus
swap,2,300,65,1,3,0.0,zhorpus,zhorpus,shumpus
swap,2,600,65,1,3,0.0,zhorpus,zhorpus,shumpus
swap,2,1200,65,1,3,0.0,zhorpus,zhorpus,shumpus
swap,3,-1200,65,1,3,0.0,zhorpus,zhorpus,shumpus
swap,3,-600,65,1,3,0.0,zhorpus,zhorpus,shumpus
swap,3,-300,65,1,3,0.0,zhorpus,zhorpus,shumpus
swap,3,-100,65,1,3,0.0,zhorpus,zhorpus,shumpus
swap,3,100,65,1,3,0.0,zhorpus,zhorpus,shumpus
swap,3,300,65,1,3,0.0,zhorpus,zhorpus,shumpus
swap,3,600,65,1,3,0.0,zhorpus,zhorpus,shumpus
swap,3,1200,65,1,3,0.0,zhorpus,zhorpus,shumpus
swap,4,-1200,65,1,3,0.0,zhorpus,zhorpus,shumpus
swap,4,-600,65,1,3,0.0,zhorpus,zhorpus,shumpus
swap,4,-300,65,1,3,0.0,zhorpus,zhorpus,shumpus
swap,4,-100,65,1,3,0.0,zhorpus,zhorpus,shumpus
swap,4,100,65,1,3,0.0,zhorpus,zhorpus,shumpus
swap,4,300,65,1,3,0.0,zhorpus,zhorpus,shumpus
swap,4,600,65,1,3,0.0,zhorpus,zhorpus,shumpus
swap,4,1200,65,1,3,0.0,zhorpus,zhorpus,shumpus
swap,5,-1200,65,1,3,0.0,zhorpus,zhorpus,shumpus
swap,5,-600,65,1,3,0.0,zhorpus,zhorpus,shumpus
swap,5,-300,65,1,3,0.0,zhorpus,zhorpus,shumpus
swap,5,-100,65,1,3,0.0,zhorpus,zhorpus,shumpus
swap,5,100,65,1,3,0.0,zhorpus,zhorpus,shumpus
swap,5,300,65,1,3,0.0,zhorpus,zhorpus,shumpus
swap,5,600,65,1,3,0.0,zhorpus,zhorpus,shumpus
swap,5,1200,65,1,3,0.0,zhorpus,zhorpus,shumpus
swap,0,0,66,1,3,0.0,lorpus,lorpus,zumpus
swap,1,-1200,66,1,3,0.0,lorpus,lorpus,zumpus
swap,1,-600,66,1,3,0.0,lorpus,lorpus,zumpus
swap,1,-300,66,1,3,0.0,lorpus,lorpus,zumpus
swap,1,-100,66,1,3,0.0,lorpus,lorpus,zumpus
swap,1,100,66,1,3,0.0,lorpus,lorpus,zumpus
swap,1,300,66,1,3,0.0,lorpus,lorpus,zumpus
swap,1,600,66,1,3,0.0,lorpus,lorpus,zumpus
swap,1,1200,66,1,3,0.0,lorpus,lorpus,zumpus
swap,2,-1200,66,1,3,0.0,lorpus,lorpus,zumpus
swap,2,-600,66,1,3,0.0,lorpus,lorpus,zumpus
swap,2,-300,66,1,3,0.0,lorpus,lorpus,zumpus
swap,2,-100,66,1,3,0.0,lorpus,lorpus,zumpus
swap,2,100,66,1,3,0.0,lorpus,lorpus,zumpus
swap,2,300,66,1,3,0.0,lorpus,lorpus,zumpus
swap,2,600,66,1,3,0.0,lorpus,lorpus,zumpus
swap,2,1200,66,1,3,0.0,lorpus,lorpus,zumpus
swap,3,-1200,66,1,3,0.0,lorpus,lorpus,zumpus
swap,3,-600,66,1,3,0.0,lorpus,lorpus,zumpus
swap,3,-300,66,1,3,0.0,lorpus,lorpus,zumpus
swap,3,-100,66,1,3,0.0,lorpus,lorpus,zumpus
swap,3,100,66,1,3,0.0,lorpus,lorpus,zumpus
swap,3,300,66,1,3,0.0,lorpus,lorpus,zumpus
swap,3,600,66,1,3,0.0,lorpus,lorpus,zumpus
swap,3,1200,66,1,3,0.0,lorpus,lorpus,zumpus
swap,4,-1200,66,1,3,0.0,lorpus,lorpus,zumpus
swap,4,-600,66,1,3,0.0,lorpus,lorpus,zumpus
swap,4,-300,66,1,3,0.0,lorpus,lorpus,zumpus
swap,4,-100,66,1,3,0.0,lorpus,lorpus,zumpus
swap,4,100,66,1,3,0.0,lorpus,lorpus,zumpus
swap,4,300,66,1,3,0.0,lorpus,lorpus,zumpus
swap,4,600,66,1,3,0.0,lorpus,lorpus,zumpus
swap,4,1200,66,1,3,0.0,lorpus,lorpus,zumpus
swap,5,-1200,66,1,3,0.0,lorpus,lorpus,zumpus
swap,5,-600,66,1,3,0.0,lorpus,lorpus,zumpus
swap,5,-300,66,1,3,0.0,lorpus,lorpus,zumpus
swap,5,-100,66,1,3,0.0,lorpus,lorpus,zumpus
swap,5,100,66,1,3,0.0,lorpus,lorpus,zumpus
swap,5,300,66,1,3,0.0,lorpus,lorpus,zumpus
swap,5,600,66,1,3,0.0,lorpus,lorpus,zumpus
swap,5,1200,66,1,3,0.0,lorpus,lorpus,zumpus
swap,0,0,67,1,3,0.0,boompus,boompus,bompus
swap,1,-1200,67,1,3,0.0,boompus,boompus,bompus
swap,1,-600,67,1,3,0.0,boompus,boompus,bompus
swap,1,-300,67,1,3,0.0,boompus,boompus,bompus
swap,1,-100,67,1,3,0.0,boompus,boompus,bompus
swap,1,100,67,1,3,0.0,boompus,boompus,bompus
swap,1,300,67,1,3,0.0,boompus,boompus,bompus
swap,1,600,67,1,3,0.0,boompus,boompus,bompus
swap,1,1200,67,1,3,0.0,boompus,boompus,bompus
swap,2,-1200,67,1,3,0.0,boompus,boompus,bompus
swap,2,-600,67,1,3,0.0,boompus,boompus,bompus
swap,2,-300,67,1,3,0.0,boompus,boompus,bompus
swap,2,-100,67,1,3,0.0,boompus,boompus,bompus
swap,2,100,67,1,3,0.0,boompus,boompus,bompus
swap,2,300,67,1,3,0.0,boompus,boompus,bompus
swap,2,600,67,1,3,0.0,boompus,boompus,bompus
swap,2,1200,67,1,3,0.0,boompus,boompus,bompus
swap,3,-1200,67,1,3,0.0,boompus,boompus,bompus
swap,3,-600,67,1,3,0.0,boompus,boompus,bompus
swap,3,-300,67,1,3,0.0,boompus,boompus,bompus
swap,3,-100,67,1,3,0.0,boompus,boompus,bompus
swap,3,100,67,1,3,0.0,boompus,boompus,bompus
swap,3,300,67,1,3,0.0,boompus,boompus,bompus
swap,3,600,67,1,3,0.0,boompus,boompus,bompus
swap,3,1200,67,1,3,0.0,boompus,boompus,bompus
swap,4,-1200,67,1,3,0.0,boompus,boompus,bompus
swap,4,-600,67,1,3,0.0,boompus,boompus,bompus
swap,4,-300,67,1,3,0.0,boompus,boompus,bompus
swap,4,-100,67,1,3,0.0,boompus,boompus,bompus
swap,4,100,67,1,3,0.0,boompus,boompus,bompus
swap,4,300,67,1,3,0.0,boompus,boompus,bompus
swap,4,600,67,1,3,0.0,boompus,boompus,bompus
swap,4,1200,67,1,3,0.0,boompus,boompus,bompus
swap,5,-1200,67,1,3,0.0,boompus,boompus,bompus
swap,5,-600,67,1,3,0.0,boompus,boompus,bompus
swap,5,-300,67,1,3,0.0,boompus,boompus,bompus
swap,5,-100,67,1,3,0.0,boompus,boompus,bompus
swap,5,100,67,1,3,0.0,boompus,boompus,bompus
swap,5,300,67,1,3,0.0,boompus,boompus,bompus
swap,5,600,67,1,3,0.0,boompus,boompus,bompus
swap,5,1200,67,1,3,0.0,boompus,boompus,bompus
swap,0,0,68,1,3,0.0,scrompus,scrompus,yumpus
swap,1,-1200,68,1,3,0.0,scrompus,scrompus,yumpus
swap,1,-600,68,1,3,0.0,scrompus,scrompus,yumpus
swap,1,-300,68,1,3,0.0,scrompus,scrompus,yumpus
swap,1,-100,68,1,3,0.0,scrompus,scrompus,yumpus
swap,1,100,68,1,3,0.0,scrompus,scrompus,yumpus
swap,1,300,68,1,3,0.0,scrompus,scrompus,yumpus
swap,1,600,68,1,3,0.0,scrompus,scrompus,yumpus
swap,1,1200,68,1,3,0.0,scrompus,scrompus,yumpus
swap,2,-1200,68,1,3,0.0,scrompus,scrompus,yumpus
swap,2,-600,68,1,3,0.0,scrompus,scrompus,yumpus
swap,2,-300,68,1,3,0.0,scrompus,scrompus,yumpus
swap,2,-100,68,1,3,0.0,scrompus,scrompus,yumpus
swap,2,100,68,1,3,0.0,scrompus,scrompus,yumpus
swap,2,300,68,1,3,0.0,scrompus,scrompus,yumpus
swap,2,600,68,1,3,0.0,scrompus,scrompus,yumpus
swap,2,1200,68,1,3,0.0,scrompus,scrompus,yumpus
swap,3,-1200,68,1,3,0.0,scrompus,scrompus,yumpus
swap,3,-600,68,1,3,0.0,scrompus,scrompus,yumpus
swap,3,-300,68,1,3,0.0,scrompus,scrompus,yumpus
swap,3,-100,68,1,3,0.0,scrompus,scrompus,yumpus
swap,3,100,68,1,3,0.0,scrompus,scrompus,yumpus
swap,3,300,68,1,3,0.0,scrompus,scrompus,yumpus
swap,3,600,68,1,3,0.0,scrompus,scrompus,yumpus
swap,3,1200,68,1,3,0.0,scrompus,scrompus,yumpus
swap,4,-1200,68,1,3,0.0,scrompus,scrompus,yumpus
swap,4,-600,68,1,3,0.0,scrompus,scrompus,yumpus
swap,4,-300,68,1,3,0.0,scrompus,scrompus,yumpus
swap,4,-100,68,1,3,0.0,scrompus,scrompus,yumpus
swap,4,100,68,1,3,0.0,scrompus,scrompus,yumpus
swap,4,300,68,1,3,0.0,scrompus,scrompus,yumpus
swap,4,600,68,1,3,0.0,scrompus,scrompus,yumpus
swap,4,1200,68,1,3,0.0,scrompus,scrompus,yumpus
swap,5,-1200,68,1,3,0.0,scrompus,scrompus,yumpus
swap,5,-600,68,1,3,0.0,scrompus,scrompus,yumpus
swap,5,-300,68,1,3,0.0,scrompus,scrompus,yumpus
swap,5,-100,68,1,3,0.0,scrompus,scrompus,yumpus
swap,5,100,68,1,3,0.0,scrompus,scrompus,yumpus
swap,5,300,68,1,3,0.0,scrompus,scrompus,yumpus
swap,5,600,68,1,3,0.0,scrompus,scrompus,yumpus
swap,5,1200,68,1,3,0.0,scrompus,scrompus,yumpus
swap,0,0,69,0,3,0.0,rempus,zumpus,rempus
swap,1,-1200,69,0,3,0.0,rempus,zumpus,rempus
swap,1,-600,69,0,3,0.0,rempus,zumpus,rempus
swap,1,-300,69,0,3,0.0,rempus,zumpus,rempus
swap,1,-100,69,0,3,0.0,rempus,zumpus,rempus
swap,1,100,69,0,3,0.0,rempus,zumpus,rempus
swap,1,300,69,0,3,0.0,rempus,zumpus,rempus
swap,1,600,69,0,3,0.0,rempus,zumpus,rempus
swap,1,1200,69,0,3,0.0,rempus,zumpus,rempus
swap,2,-1200,69,0,3,0.0,rempus,zumpus,rempus
swap,2,-600,69,0,3,0.0,rempus,zumpus,rempus
swap,2,-300,69,0,3,0.0,rempus,zumpus,rempus
swap,2,-100,69,0,3,0.0,rempus,zumpus,rempus
swap,2,100,69,0,3,0.0,rempus,zumpus,rempus
swap,2,300,69,0,3,0.0,rempus,zumpus,rempus
swap,2,600,69,0,3,0.0,rempus,zumpus,rempus
swap,2,1200,69,0,3,0.0,rempus,zumpus,rempus
swap,3,-1200,69,0,3,0.0,rempus,zumpus,rempus
swap,3,-600,69,0,3,0.0,rempus,zumpus,rempus
swap,3,-300,69,0,3,0.0,rempus,zumpus,rempus
swap,3,-100,69,0,3,0.0,rempus,zumpus,rempus
swap,3,100,69,0,3,0.0,rempus,zumpus,rempus
swap,3,300,69,0,3,0.0,rempus,zumpus,rempus
swap,3,600,69,0,3,0.0,rempus,zumpus,rempus
swap,3,1200,69,0,3,0.0,rempus,zumpus,rempus
swap,4,-1200,69,0,3,0.0,rempus,zumpus,rempus
swap,4,-600,69,0,3,0.0,rempus,zumpus,rempus
swap,4,-300,69,0,3,0.0,rempus,zumpus,rempus
swap,4,-100,69,0,3,0.0,rempus,zumpus,rempus
swap,4,100,69,0,3,0.0,rempus,zumpus,rempus
swap,4,300,69,0,3,0.0,rempus,zumpus,rempus
swap,4,600,69,0,3,0.0,rempus,zumpus,rempus
swap,4,1200,69,0,3,0.0,rempus,zumpus,rempus
swap,5,-1200,69,0,3,0.0,rempus,zumpus,rempus
swap,5,-600,69,0,3,0.0,rempus,zumpus,rempus
swap,5,-300,69,0,3,0.0,rempus,zumpus,rempus
swap,5,-100,69,0,3,0.0,rempus,zumpus,rempus
swap,5,100,69,0,3,0.0,rempus,zumpus,rempus
swap,5,300,69,0,3,0.0,rempus,zumpus,rempus
swap,5,600,69,0,3,0.0,rempus,zumpus,rempus
swap,5,1200,69,0,3,0.0,rempus,zumpus,rempus
swap,0,0,70,1,3,0.0,brimpus,brimpus,gorpus
swap,1,-1200,70,1,3,0.0,brimpus,brimpus,gorpus
swap,1,-600,70,1,3,0.0,brimpus,brimpus,gorpus
swap,1,-300,70,1,3,0.0,brimpus,brimpus,gorpus
swap,1,-100,70,1,3,0.0,brimpus,brimpus,gorpus
swap,1,100,70,1,3,0.0,brimpus,brimpus,gorpus
swap,1,300,70,1,3,0.0,brimpus,brimpus,gorpus
swap,1,600,70,1,3,0.0,brimpus,brimpus,gorpus
swap,1,1200,70,1,3,0.0,brimpus,brimpus,gorpus
swap,2,-1200,70,1,3,0.0,brimpus,brimpus,gorpus
swap,2,-600,70,1,3,0.0,brimpus,brimpus,gorpus
swap,2,-300,70,1,3,0.0,brimpus,brimpus,gorpus
swap,2,-100,70,1,3,0.0,brimpus,brimpus,gorpus
swap,2,100,70,1,3,0.0,brimpus,brimpus,gorpus
swap,2,300,70,1,3,0.0,brimpus,brimpus,gorpus
swap,2,600,70,1,3,0.0,brimpus,brimpus,gorpus
swap,2,1200,70,1,3,0.0,brimpus,brimpus,gorpus
swap,3,-1200,70,1,3,0.0,brimpus,brimpus,gorpus
swap,3,-600,70,1,3,0.0,brimpus,brimpus,gorpus
swap,3,-300,70,1,3,0.0,brimpus,brimpus,gorpus
swap,3,-100,70,1,3,0.0,brimpus,brimpus,gorpus
swap,3,100,70,1,3,0.0,brimpus,brimpus,gorpus
swap,3,300,70,1,3,0.0,brimpus,brimpus,gorpus
swap,3,600,70,1,3,0.0,brimpus,brimpus,gorpus
swap,3,1200,70,1,3,0.0,brimpus,brimpus,gorpus
swap,4,-1200,70,1,3,0.0,brimpus,brimpus,gorpus
swap,4,-600,70,1,3,0.0,brimpus,brimpus,gorpus
swap,4,-300,70,1,3,0.0,brimpus,brimpus,gorpus
swap,4,-100,70,1,3,0.0,brimpus,brimpus,gorpus
swap,4,100,70,1,3,0.0,brimpus,brimpus,gorpus
swap,4,300,70,1,3,0.0,brimpus,brimpus,gorpus
swap,4,600,70,1,3,0.0,brimpus,brimpus,gorpus
swap,4,1200,70,1,3,0.0,brimpus,brimpus,gorpus
swap,5,-1200,70,1,3,0.0,brimpus,brimpus,gorpus
swap,5,-600,70,1,3,0.0,brimpus,brimpus,gorpus
swap,5,-300,70,1,3,0.0,brimpus,brimpus,gorpus
swap,5,-100,70,1,3,0.0,brimpus,brimpus,gorpus
swap,5,100,70,1,3,0.0,brimpus,brimpus,gorpus
swap,5,300,70,1,3,0.0,brimpus,brimpus,gorpus
swap,5,600,70,1,3,0.0,brimpus,brimpus,gorpus
swap,5,1200,70,1,3,0.0,brimpus,brimpus,gorpus
swap,0,0,71,1,5,0.0,yimpus,yimpus,lorpus
swap,1,-1200,71,1,5,0.0,yimpus,yimpus,lorpus
swap,1,-600,71,1,5,0.0,yimpus,yimpus,lorpus
swap,1,-300,71,1,5,0.0,yimpus,yimpus,lorpus
swap,1,-100,71,1,5,0.0,yimpus,yimpus,lorpus
swap,1,100,71,1,5,0.0,yimpus,yimpus,lorpus
swap,1,300,71,1,5,0.0,yimpus,yimpus,lorpus
swap,1,600,71,1,5,0.0,yimpus,yimpus,lorpus
swap,1,1200,71,1,5,0.0,yimpus,yimpus,lorpus
swap,2,-1200,71,1,5,0.0,yimpus,yimpus,lorpus
swap,2,-600,71,1,5,0.0,yimpus,yimpus,lorpus
swap,2,-300,71,1,5,0.0,yimpus,yimpus,lorpus
swap,2,-100,71,1,5,0.0,yimpus,yimpus,lorpus
swap,2,100,71,1,5,0.0,yimpus,yimpus,lorpus
swap,2,300,71,1,5,0.0,yimpus,yimpus,lorpus
swap,2,600,71,1,5,0.0,yimpus,yimpus,lorpus
swap,2,1200,71,1,5,0.0,yimpus,yimpus,lorpus
swap,3,-1200,71,1,5,0.0,yimpus,yimpus,lorpus
swap,3,-600,71,1,5,0.0,yimpus,yimpus,lorpus
swap,3,-300,71,1,5,0.0,yimpus,yimpus,lorpus
swap,3,-100,71,1,5,0.0,yimpus,yimpus,lorpus
swap,3,100,71,1,5,0.0,yimpus,yimpus,lorpus
swap,3,300,71,1,5,0.0,yimpus,yimpus,lorpus
swap,3,600,71,1,5,0.0,yimpus,yimpus,lorpus
swap,3,1200,71,1,5,0.0,yimpus,yimpus,lorpus
swap,4,-1200,71,1,5,0.0,yimpus,yimpus,lorpus
swap,4,-600,71,1,5,0.0,yimpus,yimpus,lorpus
swap,4,-300,71,1,5,0.0,yimpus,yimpus,lorpus
swap,4,-100,71,1,5,0.0,yimpus,yimpus,lorpus
swap,4,100,71,1,5,0.0,yimpus,yimpus,lorpus
swap,4,300,71,1,5,0.0,yimpus,yimpus,lorpus
swap,4,600,71,1,5,0.0,yimpus,yimpus,lorpus
swap,4,1200,71,1,5,0.0,yimpus,yimpus,lorpus
swap,5,-1200,71,1,5,0.0,yimpus,yimpus,lorpus
swap,5,-600,71,1,5,0.0,yimpus,yimpus,lorpus
swap,5,-300,71,1,5,0.0,yimpus,yimpus,lorpus
swap,5,-100,71,1,5,0.0,yimpus,yimpus,lorpus
swap,5,100,71,1,5,0.0,yimpus,yimpus,lorpus
swap,5,300,71,1,5,0.0,yimpus,yimpus,lorpus
swap,5,600,71,1,5,0.0,yimpus,yimpus,lorpus
swap,5,1200,71,1,5,0.0,yimpus,yimpus,lorpus
swap,0,0,72,0,3,0.0,impus,rempus,impus
swap,1,-1200,72,0,3,0.0,impus,rempus,impus
swap,1,-600,72,0,3,0.0,impus,rempus,impus
swap,1,-300,72,0,3,0.0,impus,rempus,impus
swap,1,-100,72,0,3,0.0,impus,rempus,impus
swap,1,100,72,0,3,0.0,impus,rempus,impus
swap,1,300,72,0,3,0.0,impus,rempus,impus
swap,1,600,72,0,3,0.0,impus,rempus,impus
swap,1,1200,72,0,3,0.0,impus,rempus,impus
swap,2,-1200,72,0,3,0.0,impus,rempus,impus
swap,2,-600,72,0,3,0.0,impus,rempus,impus
swap,2,-300,72,0,3,0.0,impus,rempus,impus
swap,2,-100,72,0,3,0.0,impus,rempus,impus
swap,2,100,72,0,3,0.0,impus,rempus,impus
swap,2,300,72,0,3,0.0,impus,rempus,impus
swap,2,600,72,0,3,0.0,impus,rempus,impus
swap,2,1200,72,0,3,0.0,impus,rempus,impus
swap,3,-1200,72,0,3,0.0,impus,rempus,impus
swap,3,-600,72,0,3,0.0,impus,rempus,impus
swap,3,-300,72,0,3,0.0,impus,rempus,impus
swap,3,-100,72,0,3,0.0,impus,rempus,impus
swap,3,100,72,0,3,0.0,impus,rempus,impus
swap,3,300,72,0,3,0.0,impus,rempus,impus
swap,3,600,72,0,3,0.0,impus,rempus,impus
swap,3,1200,72,0,3,0.0,impus,rempus,impus
swap,4,-1200,72,0,3,0.0,impus,rempus,impus
swap,4,-600,72,0,3,0.0,impus,rempus,impus
swap,4,-300,72,0,3,0.0,impus,rempus,impus
swap,4,-100,72,0,3,0.0,impus,rempus,impus
swap,4,100,72,0,3,0.0,impus,rempus,impus
swap,4,300,72,0,3,0.0,impus,rempus,impus
swap,4,600,72,0,3,0.0,impus,rempus,impus
swap,4,1200,72,0,3,0.0,impus,rempus,impus
swap,5,-1200,72,0,3,0.0,impus,rempus,impus
swap,5,-600,72,0,3,0.0,impus,rempus,impus
swap,5,-300,72,0,3,0.0,impus,rempus,impus
swap,5,-100,72,0,3,0.0,impus,rempus,impus
swap,5,100,72,0,3,0.0,impus,rempus,impus
swap,5,300,72,0,3,0.0,impus,rempus,impus
swap,5,600,72,0,3,0.0,impus,rempus,impus
swap,5,1200,72,0,3,0.0,impus,rempus,impus
swap,0,0,73,0,3,0.0,yumpus,shumpus,yumpus
swap,1,-1200,73,0,3,0.0,yumpus,shumpus,yumpus
swap,1,-600,73,0,3,0.0,yumpus,shumpus,yumpus
swap,1,-300,73,0,3,0.0,yumpus,shumpus,yumpus
swap,1,-100,73,0,3,0.0,yumpus,shumpus,yumpus
swap,1,100,73,0,3,0.0,yumpus,shumpus,yumpus
swap,1,300,73,0,3,0.0,yumpus,shumpus,yumpus
swap,1,600,73,0,3,0.0,yumpus,shumpus,yumpus
swap,1,1200,73,0,3,0.0,yumpus,shumpus,yumpus
swap,2,-1200,73,0,3,0.0,yumpus,shumpus,yumpus
swap,2,-600,73,0,3,0.0,yumpus,shumpus,yumpus
swap,2,-300,73,0,3,0.0,yumpus,shumpus,yumpus
swap,2,-100,73,0,3,0.0,yumpus,shumpus,yumpus
swap,2,100,73,0,3,0.0,yumpus,shumpus,yumpus
swap,2,300,73,0,3,0.0,yumpus,shumpus,yumpus
swap,2,600,73,0,3,0.0,yumpus,shumpus,yumpus
swap,2,1200,73,0,3,0.0,yumpus,shumpus,yumpus
swap,3,-1200,73,0,3,0.0,yumpus,shumpus,yumpus
swap,3,-600,73,0,3,0.0,yumpus,shumpus,yumpus
swap,3,-300,73,0,3,0.0,yumpus,shumpus,yumpus
swap,3,-100,73,0,3,0.0,yumpus,shumpus,yumpus
swap,3,100,73,0,3,0.0,yumpus,shumpus,yumpus
swap,3,300,73,0,3,0.0,yumpus,shumpus,yumpus
swap,3,600,73,0,3,0.0,yumpus,shumpus,yumpus
swap,3,1200,73,0,3,0.0,yumpus,shumpus,yumpus
swap,4,-1200,73,0,3,0.0,yumpus,shumpus,yumpus
swap,4,-600,73,0,3,0.0,yumpus,shumpus,yumpus
swap,4,-300,73,0,3,0.0,yumpus,shumpus,yumpus
swap,4,-100,73,0,3,0.0,yumpus,shumpus,yumpus
swap,4,100,73,0,3,0.0,yumpus,shumpus,yumpus
swap,4,300,73,0,3,0.0,yumpus,shumpus,yumpus
swap,4,600,73,0,3,0.0,yumpus,shumpus,yumpus
swap,4,1200,73,0,3,0.0,yumpus,shumpus,yumpus
swap,5,-1200,73,0,3,0.0,yumpus,shumpus,yumpus
swap,5,-600,73,0,3,0.0,yumpus,shumpus,yumpus
swap,5,-300,73,0,3,0.0,yumpus,shumpus,yumpus
swap,5,-100,73,0,3,0.0,yumpus,shumpus,yumpus
swap,5,100,73,0,3,0.0,yumpus,shumpus,yumpus
swap,5,300,73,0,3,0.0,yumpus,shumpus,yumpus
swap,5,600,73,0,3,0.0,yumpus,shumpus,yumpus
swap,5,1200,73,0,3,0.0,yumpus,shumpus,yumpus
swap,0,0,74,1,5,0.0,chorpus,chorpus,gorpus
swap,1,-1200,74,1,5,0.0,chorpus,chorpus,gorpus
swap,1,-600,74,1,5,0.0,chorpus,chorpus,gorpus
swap,1,-300,74,1,5,0.0,chorpus,chorpus,gorpus
swap,1,-100,74,1,5,0.0,chorpus,chorpus,gorpus
swap,1,100,74,1,5,0.0,chorpus,chorpus,gorpus
swap,1,300,74,1,5,0.0,chorpus,chorpus,gorpus
swap,1,600,74,1,5,0.0,chorpus,chorpus,gorpus
swap,1,1200,74,1,5,0.0,chorpus,chorpus,gorpus
swap,2,-1200,74,1,5,0.0,chorpus,chorpus,gorpus
swap,2,-600,74,1,5,0.0,chorpus,chorpus,gorpus
swap,2,-300,74,1,5,0.0,chorpus,chorpus,gorpus
swap,2,-100,74,1,5,0.0,chorpus,chorpus,gorpus
swap,2,100,74,1,5,0.0,chorpus,chorpus,gorpus
swap,2,300,74,1,5,0.0,chorpus,chorpus,gorpus
swap,2,600,74,1,5,0.0,chorpus,chorpus,gorpus
swap,2,1200,74,1,5,0.0,chorpus,chorpus,gorpus
swap,3,-1200,74,1,5,0.0,chorpus,chorpus,gorpus
swap,3,-600,74,1,5,0.0,chorpus,chorpus,gorpus
swap,3,-300,74,1,5,0.0,chorpus,chorpus,gorpus
swap,3,-100,74,1,5,0.0,chorpus,chorpus,gorpus
swap,3,100,74,1,5,0.0,chorpus,chorpus,gorpus
swap,3,300,74,1,5,0.0,chorpus,chorpus,gorpus
swap,3,600,74,1,5,0.0,chorpus,chorpus,gorpus
swap,3,1200,74,1,5,0.0,chorpus,chorpus,gorpus
swap,4,-1200,74,1,5,0.0,chorpus,chorpus,gorpus
swap,4,-600,74,1,5,0.0,chorpus,chorpus,gorpus
swap,4,-300,74,1,5,0.0,chorpus,chorpus,gorpus
swap,4,-100,74,1,5,0.0,chorpus,chorpus,gorpus
swap,4,100,74,1,5,0.0,chorpus,chorpus,gorpus
swap,4,300,74,1,5,0.0,chorpus,chorpus,gorpus
swap,4,600,74,1,5,0.0,chorpus,chorpus,gorpus
swap,4,1200,74,1,5,0.0,chorpus,chorpus,gorpus
swap,5,-1200,74,1,5,0.0,chorpus,chorpus,gorpus
swap,5,-600,74,1,5,0.0,chorpus,chorpus,gorpus
swap,5,-300,74,1,5,0.0,chorpus,chorpus,gorpus
swap,5,-100,74,1,5,0.0,chorpus,chorpus,gorpus
swap,5,100,74,1,5,0.0,chorpus,chorpus,gorpus
swap,5,300,74,1,5,0.0,chorpus,chorpus,gorpus
swap,5,600,74,1,5,0.0,chorpus,chorpus,gorpus
swap,5,1200,74,1,5,0.0,chorpus,chorpus,gorpus
swap,0,0,75,1,4,0.0,chorpus,chorpus,sterpus
swap,1,-1200,75,1,4,0.0,chorpus,chorpus,sterpus
swap,1,-600,75,1,4,0.0,chorpus,chorpus,sterpus
swap,1,-300,75,1,4,0.0,chorpus,chorpus,sterpus
swap,1,-100,75,1,4,0.0,chorpus,chorpus,sterpus
swap,1,100,75,1,4,0.0,chorpus,chorpus,sterpus
swap,1,300,75,1,4,0.0,chorpus,chorpus,sterpus
swap,1,600,75,1,4,0.0,chorpus,chorpus,sterpus
swap,1,1200,75,1,4,0.0,chorpus,chorpus,sterpus
swap,2,-1200,75,1,4,0.0,chorpus,chorpus,sterpus
swap,2,-600,75,1,4,0.0,chorpus,chorpus,sterpus
swap,2,-300,75,1,4,0.0,chorpus,chorpus,sterpus
swap,2,-100,75,1,4,0.0,chorpus,chorpus,sterpus
swap,2,100,75,1,4,0.0,chorpus,chorpus,sterpus
swap,2,300,75,1,4,0.0,chorpus,chorpus,sterpus
swap,2,600,75,1,4,0.0,chorpus,chorpus,sterpus
swap,2,1200,75,1,4,0.0,chorpus,chorpus,sterpus
swap,3,-1200,75,1,4,0.0,chorpus,chorpus,sterpus
swap,3,-600,75,1,4,0.0,chorpus,chorpus,sterpus
swap,3,-300,75,1,4,0.0,chorpus,chorpus,sterpus
swap,3,-100,75,1,4,0.0,chorpus,chorpus,sterpus
swap,3,100,75,1,4,0.0,chorpus,chorpus,sterpus
swap,3,300,75,1,4,0.0,chorpus,chorpus,sterpus
swap,3,600,75,1,4,0.0,chorpus,chorpus,sterpus
swap,3,1200,75,1,4,0.0,chorpus,chorpus,sterpus
swap,4,-1200,75,1,4,0.0,chorpus,chorpus,sterpus
swap,4,-600,75,1,4,0.0,chorpus,chorpus,sterpus
swap,4,-300,75,1,4,0.0,chorpus,chorpus,sterpus
swap,4,-100,75,1,4,0.0,chorpus,chorpus,sterpus
swap,4,100,75,1,4,0.0,chorpus,chorpus,sterpus
swap,4,300,75,1,4,0.0,chorpus,chorpus,sterpus
swap,4,600,75,1,4,0.0,chorpus,chorpus,sterpus
swap,4,1200,75,1,4,0.0,chorpus,chorpus,sterpus
swap,5,-1200,75,1,4,0.0,chorpus,chorpus,sterpus
swap,5,-600,75,1,4,0.0,chorpus,chorpus,sterpus
swap,5,-300,75,1,4,0.0,chorpus,chorpus,sterpus
swap,5,-100,75,1,4,0.0,chorpus,chorpus,sterpus
swap,5,100,75,1,4,0.0,chorpus,chorpus,sterpus
swap,5,300,75,1,4,0.0,chorpus,chorpus,sterpus
swap,5,600,75,1,4,0.0,chorpus,chorpus,sterpus
swap,5,1200,75,1,4,0.0,chorpus,chorpus,sterpus
swap,0,0,76,1,4,0.0,shumpus,shumpus,rempus
swap,1,-1200,76,1,4,0.0,shumpus,shumpus,rempus
swap,1,-600,76,1,4,0.0,shumpus,shumpus,rempus
swap,1,-300,76,1,4,0.0,shumpus,shumpus,rempus
swap,1,-100,76,1,4,0.0,shumpus,shumpus,rempus
swap,1,100,76,1,4,0.0,shumpus,shumpus,rempus
swap,1,300,76,1,4,0.0,shumpus,shumpus,rempus
swap,1,600,76,1,4,0.0,shumpus,shumpus,rempus
swap,1,1200,76,1,4,0.0,shumpus,shumpus,rempus
swap,2,-1200,76,1,4,0.0,shumpus,shumpus,rempus
swap,2,-600,76,1,4,0.0,shumpus,shumpus,rempus
swap,2,-300,76,1,4,0.0,shumpus,shumpus,rempus
swap,2,-100,76,1,4,0.0,shumpus,shumpus,rempus
swap,2,100,76,1,4,0.0,shumpus,shumpus,rempus
swap,2,300,76,1,4,0.0,shumpus,shumpus,rempus
swap,2,600,76,1,4,0.0,shumpus,shumpus,rempus
swap,2,1200,76,1,4,0.0,shumpus,shumpus,rempus
swap,3,-1200,76,1,4,0.0,shumpus,shumpus,rempus
swap,3,-600,76,1,4,0.0,shumpus,shumpus,rempus
swap,3,-300,76,1,4,0.0,shumpus,shumpus,rempus
swap,3,-100,76,1,4,0.0,shumpus,shumpus,rempus
swap,3,100,76,1,4,0.0,shumpus,shumpus,rempus
swap,3,300,76,1,4,0.0,shumpus,shumpus,rempus
swap,3,600,76,1,4,0.0,shumpus,shumpus,rempus
swap,3,1200,76,1,4,0.0,shumpus,shumpus,rempus
swap,4,-1200,76,1,4,0.0,shumpus,shumpus,rempus
swap,4,-600,76,1,4,0.0,shumpus,shumpus,rempus
swap,4,-300,76,1,4,0.0,shumpus,shumpus,rempus
swap,4,-100,76,1,4,0.0,shumpus,shumpus,rempus
swap,4,100,76,1,4,0.0,shumpus,shumpus,rempus
swap,4,300,76,1,4,0.0,shumpus,shumpus,rempus
swap,4,600,76,1,4,0.0,shumpus,shumpus,rempus
swap,4,1200,76,1,4,0.0,shumpus,shumpus,rempus
swap,5,-1200,76,1,4,0.0,shumpus,shumpus,rempus
swap,5,-600,76,1,4,0.0,shumpus,shumpus,rempus
swap,5,-300,76,1,4,0.0,shumpus,shumpus,rempus
swap,5,-100,76,1,4,0.0,shumpus,shumpus,rempus
swap,5,100,76,1,4,0.0,shumpus,shumpus,rempus
swap,5,300,76,1,4,0.0,shumpus,shumpus,rempus
swap,5,600,76,1,4,0.0,shumpus,shumpus,rempus
swap,5,1200,76,1,4,0.0,shumpus,shumpus,rempus
swap,0,0,77,0,3,0.0,kerpus,yimpus,kerpus
swap,1,-1200,77,0,3,0.0,kerpus,yimpus,kerpus
swap,1,-600,77,0,3,0.0,kerpus,yimpus,kerpus
swap,1,-300,77,0,3,0.0,kerpus,yimpus,kerpus
swap,1,-100,77,0,3,0.0,kerpus,yimpus,kerpus
swap,1,100,77,0,3,0.0,kerpus,yimpus,kerpus
swap,1,300,77,0,3,0.0,kerpus,yimpus,kerpus
swap,1,600,77,0,3,0.0,kerpus,yimpus,kerpus
swap,1,1200,77,0,3,0.0,kerpus,yimpus,kerpus
swap,2,-1200,77,0,3,0.0,kerpus,yimpus,kerpus
swap,2,-600,77,0,3,0.0,kerpus,yimpus,kerpus
swap,2,-300,77,0,3,0.0,kerpus,yimpus,kerpus
swap,2,-100,77,0,3,0.0,kerpus,yimpus,kerpus
swap,2,100,77,0,3,0.0,kerpus,yimpus,kerpus
swap,2,300,77,0,3,0.0,kerpus,yimpus,kerpus
swap,2,600,77,0,3,0.0,kerpus,yimpus,kerpus
swap,2,1200,77,0,3,0.0,kerpus,yimpus,kerpus
swap,3,-1200,77,0,3,0.0,kerpus,yimpus,kerpus
swap,3,-600,77,0,3,0.0,kerpus,yimpus,kerpus
swap,3,-300,77,0,3,0.0,kerpus,yimpus,kerpus
swap,3,-100,77,0,3,0.0,kerpus,yimpus,kerpus
swap,3,100,77,0,3,0.0,kerpus,yimpus,kerpus
swap,3,300,77,0,3,0.0,kerpus,yimpus,kerpus
swap,3,600,77,0,3,0.0,kerpus,yimpus,kerpus
swap,3,1200,77,0,3,0.0,kerpus,yimpus,kerpus
swap,4,-1200,77,0,3,0.0,kerpus,yimpus,kerpus
swap,4,-600,77,0,3,0.0,kerpus,yimpus,kerpus
swap,4,-300,77,0,3,0.0,kerpus,yimpus,kerpus
swap,4,-100,77,0,3,0.0,kerpus,yimpus,kerpus
swap,4,100,77,0,3,0.0,kerpus,yimpus,kerpus
swap,4,300,77,0,3,0.0,kerpus,yimpus,kerpus
swap,4,600,77,0,3,0.0,kerpus,yimpus,kerpus
swap,4,1200,77,0,3,0.0,kerpus,yimpus,kerpus
swap,5,-1200,77,0,3,0.0,kerpus,yimpus,kerpus
swap,5,-600,77,0,3,0.0,kerpus,yimpus,kerpus
swap,5,-300,77,0,3,0.0,kerpus,yimpus,kerpus
swap,5,-100,77,0,3,0.0,kerpus,yimpus,kerpus
swap,5,100,77,0,3,0.0,kerpus,yimpus,kerpus
swap,5,300,77,0,3,0.0,kerpus,yimpus,kerpus
swap,5,600,77,0,3,0.0,kerpus,yimpus,kerpus
swap,5,1200,77,0,3,0.0,kerpus,yimpus,kerpus
swap,0,0,78,1,3,0.0,vumpus,vumpus,brimpus
swap,1,-1200,78,1,3,0.0,vumpus,vumpus,brimpus
swap,1,-600,78,1,3,0.0,vumpus,vumpus,brimpus
swap,1,-300,78,1,3,0.0,vumpus,vumpus,brimpus
swap,1,-100,78,1,3,0.0,vumpus,vumpus,brimpus
swap,1,100,78,1,3,0.0,vumpus,vumpus,brimpus
swap,1,300,78,1,3,0.0,vumpus,vumpus,brimpus
swap,1,600,78,1,3,0.0,vumpus,vumpus,brimpus
swap,1,1200,78,1,3,0.0,vumpus,vumpus,brimpus
swap,2,-1200,78,1,3,0.0,vumpus,vumpus,brimpus
swap,2,-600,78,1,3,0.0,vumpus,vumpus,brimpus
swap,2,-300,78,1,3,0.0,vumpus,vumpus,brimpus
swap,2,-100,78,1,3,0.0,vumpus,vumpus,brimpus
swap,2,100,78,1,3,0.0,vumpus,vumpus,brimpus
swap,2,300,78,1,3,0.0,vumpus,vumpus,brimpus
swap,2,600,78,1,3,0.0,vumpus,vumpus,brimpus
swap,2,1200,78,1,3,0.0,vumpus,vumpus,brimpus
swap,3,-1200,78,1,3,0.0,vumpus,vumpus,brimpus
swap,3,-600,78,1,3,0.0,vumpus,vumpus,brimpus
swap,3,-300,78,1,3,0.0,vumpus,vumpus,brimpus
swap,3,-100,78,1,3,0.0,vumpus,vumpus,brimpus
swap,3,100,78,1,3,0.0,vumpus,vumpus,brimpus
swap,3,300,78,1,3,0.0,vumpus,vumpus,brimpus
swap,3,600,78,1,3,0.0,vumpus,vumpus,brimpus
swap,3,1200,78,1,3,0.0,vumpus,vumpus,brimpus
swap,4,-1200,78,1,3,0.0,vumpus,vumpus,brimpus
swap,4,-600,78,1,3,0.0,vumpus,vumpus,brimpus
swap,4,-300,78,1,3,0.0,vumpus,vumpus,brimpus
swap,4,-100,78,1,3,0.0,vumpus,vumpus,brimpus
swap,4,100,78,1,3,0.0,vumpus,vumpus,brimpus
swap,4,300,78,1,3,0.0,vumpus,vumpus,brimpus
swap,4,600,78,1,3,0.0,vumpus,vumpus,brimpus
swap,4,1200,78,1,3,0.0,vumpus,vumpus,brimpus
swap,5,-1200,78,1,3,0.0,vumpus,vumpus,brimpus
swap,5,-600,78,1,3,0.0,vumpus,vumpus,brimpus
swap,5,-300,78,1,3,0.0,vumpus,vumpus,brimpus
swap,5,-100,78,1,3,0.0,vumpus,vumpus,brimpus
swap,5,100,78,1,3,0.0,vumpus,vumpus,brimpus
swap,5,300,78,1,3,0.0,vumpus,vumpus,brimpus
swap,5,600,78,1,3,0.0,vumpus,vumpus,brimpus
swap,5,1200,78,1,3,0.0,vumpus,vumpus,brimpus
swap,0,0,79,1,5,0.0,rorpus,rorpus,yerpus
swap,1,-1200,79,1,5,0.0,rorpus,rorpus,yerpus
swap,1,-600,79,1,5,0.0,rorpus,rorpus,yerpus
swap,1,-300,79,1,5,0.0,rorpus,rorpus,yerpus
swap,1,-100,79,1,5,0.0,rorpus,rorpus,yerpus
swap,1,100,79,1,5,0.0,rorpus,rorpus,yerpus
swap,1,300,79,1,5,0.0,rorpus,rorpus,yerpus
swap,1,600,79,1,5,0.0,rorpus,rorpus,yerpus
swap,1,1200,79,1,5,0.0,rorpus,rorpus,yerpus
swap,2,-1200,79,1,5,0.0,rorpus,rorpus,yerpus
swap,2,-600,79,1,5,0.0,rorpus,rorpus,yerpus
swap,2,-300,79,1,5,0.0,rorpus,rorpus,yerpus
swap,2,-100,79,1,5,0.0,rorpus,rorpus,yerpus
swap,2,100,79,1,5,0.0,rorpus,rorpus,yerpus
swap,2,300,79,1,5,0.0,rorpus,rorpus,yerpus
swap,2,600,79,1,5,0.0,rorpus,rorpus,yerpus
swap,2,1200,79,1,5,0.0,rorpus,rorpus,yerpus
swap,3,-1200,79,1,5,0.0,rorpus,rorpus,yerpus
swap,3,-600,79,1,5,0.0,rorpus,rorpus,yerpus
swap,3,-300,79,1,5,0.0,rorpus,rorpus,yerpus
swap,3,-100,79,1,5,0.0,rorpus,rorpus,yerpus
swap,3,100,79,1,5,0.0,rorpus,rorpus,yerpus
swap,3,300,79,1,5,0.0,rorpus,rorpus,yerpus
swap,3,600,79,1,5,0.0,rorpus,rorpus,yerpus
swap,3,1200,79,1,5,0.0,rorpus,rorpus,yerpus
swap,4,-1200,79,1,5,0.0,rorpus,rorpus,yerpus
swap,4,-600,79,1,5,0.0,rorpus,rorpus,yerpus
swap,4,-300,79,1,5,0.0,rorpus,rorpus,yerpus
swap,4,-100,79,1,5,0.0,rorpus,rorpus,yerpus
swap,4,100,79,1,5,0.0,rorpus,rorpus,yerpus
swap,4,300,79,1,5,0.0,rorpus,rorpus,yerpus
swap,4,600,79,1,5,0.0,rorpus,rorpus,yerpus
swap,4,1200,79,1,5,0.0,rorpus,rorpus,yerpus
swap,5,-1200,79,1,5,0.0,rorpus,rorpus,yerpus
swap,5,-600,79,1,5,0.0,rorpus,rorpus,yerpus
swap,5,-300,79,1,5,0.0,rorpus,rorpus,yerpus
swap,5,-100,79,1,5,0.0,rorpus,rorpus,yerpus
swap,5,100,79,1,5,0.0,rorpus,rorpus,yerpus
swap,5,300,79,1,5,0.0,rorpus,rorpus,yerpus
swap,5,600,79,1,5,0.0,rorpus,rorpus,yerpus
swap,5,1200,79,1,5,0.0,rorpus,rorpus,yerpus
swap,0,0,80,1,4,0.0,tumpus,tumpus,sterpus
swap,1,-1200,80,1,4,0.0,tumpus,tumpus,sterpus
swap,1,-600,80,1,4,0.0,tumpus,tumpus,sterpus
swap,1,-300,80,1,4,0.0,tumpus,tumpus,sterpus
swap,1,-100,80,1,4,0.0,tumpus,tumpus,sterpus
swap,1,100,80,1,4,0.0,tumpus,tumpus,sterpus
swap,1,300,80,1,4,0.0,tumpus,tumpus,sterpus
swap,1,600,80,1,4,0.0,tumpus,tumpus,sterpus
swap,1,1200,80,1,4,0.0,tumpus,tumpus,sterpus
swap,2,-1200,80,1,4,0.0,tumpus,tumpus,sterpus
swap,2,-600,80,1,4,0.0,tumpus,tumpus,sterpus
swap,2,-300,80,1,4,0.0,tumpus,tumpus,sterpus
swap,2,-100,80,1,4,0.0,tumpus,tumpus,sterpus
swap,2,100,80,1,4,0.0,tumpus,tumpus,sterpus
swap,2,300,80,1,4,0.0,tumpus,tumpus,sterpus
swap,2,600,80,1,4,0.0,tumpus,tumpus,sterpus
swap,2,1200,80,1,4,0.0,tumpus,tumpus,sterpus
swap,3,-1200,80,1,4,0.0,tumpus,tumpus,sterpus
swap,3,-600,80,1,4,0.0,tumpus,tumpus,sterpus
swap,3,-300,80,1,4,0.0,tumpus,tumpus,sterpus
swap,3,-100,80,1,4,0.0,tumpus,tumpus,sterpus
swap,3,100,80,1,4,0.0,tumpus,tumpus,sterpus
swap,3,300,80,1,4,0.0,tumpus,tumpus,sterpus
swap,3,600,80,1,4,0.0,tumpus,tumpus,sterpus
swap,3,1200,80,1,4,0.0,tumpus,tumpus,sterpus
swap,4,-1200,80,1,4,0.0,tumpus,tumpus,sterpus
swap,4,-600,80,1,4,0.0,tumpus,tumpus,sterpus
swap,4,-300,80,1,4,0.0,tumpus,tumpus,sterpus
swap,4,-100,80,1,4,0.0,tumpus,tumpus,sterpus
swap,4,100,80,1,4,0.0,tumpus,tumpus,sterpus
swap,4,300,80,1,4,0.0,tumpus,tumpus,sterpus
swap,4,600,80,1,4,0.0,tumpus,tumpus,sterpus
swap,4,1200,80,1,4,0.0,tumpus,tumpus,sterpus
swap,5,-1200,80,1,4,0.0,tumpus,tumpus,sterpus
swap,5,-600,80,1,4,0.0,tumpus,tumpus,sterpus
swap,5,-300,80,1,4,0.0,tumpus,tumpus,sterpus
swap,5,-100,80,1,4,0.0,tumpus,tumpus,sterpus
swap,5,100,80,1,4,0.0,tumpus,tumpus,sterpus
swap,5,300,80,1,4,0.0,tumpus,tumpus,sterpus
swap,5,600,80,1,4,0.0,tumpus,tumpus,sterpus
swap,5,1200,80,1,4,0.0,tumpus,tumpus,sterpus
swap,0,0,81,1,3,0.0,shumpus,shumpus,rorpus
swap,1,-1200,81,1,3,0.0,shumpus,shumpus,rorpus
swap,1,-600,81,1,3,0.0,shumpus,shumpus,rorpus
swap,1,-300,81,1,3,0.0,shumpus,shumpus,rorpus
swap,1,-100,81,1,3,0.0,shumpus,shumpus,rorpus
swap,1,100,81,1,3,0.0,shumpus,shumpus,rorpus
swap,1,300,81,1,3,0.0,shumpus,shumpus,rorpus
swap,1,600,81,1,3,0.0,shumpus,shumpus,rorpus
swap,1,1200,81,1,3,0.0,shumpus,shumpus,rorpus
swap,2,-1200,81,1,3,0.0,shumpus,shumpus,rorpus
swap,2,-600,81,1,3,0.0,shumpus,shumpus,rorpus
swap,2,-300,81,1,3,0.0,shumpus,shumpus,rorpus
swap,2,-100,81,1,3,0.0,shumpus,shumpus,rorpus
swap,2,100,81,1,3,0.0,shumpus,shumpus,rorpus
swap,2,300,81,1,3,0.0,shumpus,shumpus,rorpus
swap,2,600,81,1,3,0.0,shumpus,shumpus,rorpus
swap,2,1200,81,1,3,0.0,shumpus,shumpus,rorpus
swap,3,-1200,81,1,3,0.0,shumpus,shumpus,rorpus
swap,3,-600,81,1,3,0.0,shumpus,shumpus,rorpus
swap,3,-300,81,1,3,0.0,shumpus,shumpus,rorpus
swap,3,-100,81,1,3,0.0,shumpus,shumpus,rorpus
swap,3,100,81,1,3,0.0,shumpus,shumpus,rorpus
swap,3,300,81,1,3,0.0,shumpus,shumpus,rorpus
swap,3,600,81,1,3,0.0,shumpus,shumpus,rorpus
swap,3,1200,81,1,3,0.0,shumpus,shumpus,rorpus
swap,4,-1200,81,1,3,0.0,shumpus,shumpus,rorpus
swap,4,-600,81,1,3,0.0,shumpus,shumpus,rorpus
swap,4,-300,81,1,3,0.0,shumpus,shumpus,rorpus
swap,4,-100,81,1,3,0.0,shumpus,shumpus,rorpus
swap,4,100,81,1,3,0.0,shumpus,shumpus,rorpus
swap,4,300,81,1,3,0.0,shumpus,shumpus,rorpus
swap,4,600,81,1,3,0.0,shumpus,shumpus,rorpus
swap,4,1200,81,1,3,0.0,shumpus,shumpus,rorpus
swap,5,-1200,81,1,3,0.0,shumpus,shumpus,rorpus
swap,5,-600,81,1,3,0.0,shumpus,shumpus,rorpus
swap,5,-300,81,1,3,0.0,shumpus,shumpus,rorpus
swap,5,-100,81,1,3,0.0,shumpus,shumpus,rorpus
swap,5,100,81,1,3,0.0,shumpus,shumpus,rorpus
swap,5,300,81,1,3,0.0,shumpus,shumpus,rorpus
swap,5,600,81,1,3,0.0,shumpus,shumpus,rorpus
swap,5,1200,81,1,3,0.0,shumpus,shumpus,rorpus
swap,0,0,82,1,4,0.0,rempus,rempus,gwompus
swap,1,-1200,82,1,4,0.0,rempus,rempus,gwompus
swap,1,-600,82,1,4,0.0,rempus,rempus,gwompus
swap,1,-300,82,1,4,0.0,rempus,rempus,gwompus
swap,1,-100,82,1,4,0.0,rempus,rempus,gwompus
swap,1,100,82,1,4,0.0,rempus,rempus,gwompus
swap,1,300,82,1,4,0.0,rempus,rempus,gwompus
swap,1,600,82,1,4,0.0,rempus,rempus,gwompus
swap,1,1200,82,1,4,0.0,rempus,rempus,gwompus
swap,2,-1200,82,1,4,0.0,rempus,rempus,gwompus
swap,2,-600,82,1,4,0.0,rempus,rempus,gwompus
swap,2,-300,82,1,4,0.0,rempus,rempus,gwompus
swap,2,-100,82,1,4,0.0,rempus,rempus,gwompus
swap,2,100,82,1,4,0.0,rempus,rempus,gwompus
swap,2,300,82,1,4,0.0,rempus,rempus,gwompus
swap,2,600,82,1,4,0.0,rempus,rempus,gwompus
swap,2,1200,82,1,4,0.0,rempus,rempus,gwompus
swap,3,-1200,82,1,4,0.0,rempus,rempus,gwompus
swap,3,-600,82,1,4,0.0,rempus,rempus,gwompus
swap,3,-300,82,1,4,0.0,rempus,rempus,gwompus
swap,3,-100,82,1,4,0.0,rempus,rempus,gwompus
swap,3,100,82,1,4,0.0,rempus,rempus,gwompus
swap,3,300,82,1,4,0.0,rempus,rempus,gwompus
swap,3,600,82,1,4,0.0,rempus,rempus,gwompus
swap,3,1200,82,1,4,0.0,rempus,rempus,gwompus
swap,4,-1200,82,1,4,0.0,rempus,rempus,gwompus
swap,4,-600,82,1,4,0.0,rempus,rempus,gwompus
swap,4,-300,82,1,4,0.0,rempus,rempus,gwompus
swap,4,-100,82,1,4,0.0,rempus,rempus,gwompus
swap,4,100,82,1,4,0.0,rempus,rempus,gwompus
swap,4,300,82,1,4,0.0,rempus,rempus,gwompus
swap,4,600,82,1,4,0.0,rempus,rempus,gwompus
swap,4,1200,82,1,4,0.0,rempus,rempus,gwompus
swap,5,-1200,82,1,4,0.0,rempus,rempus,gwompus
swap,5,-600,82,1,4,0.0,rempus,rempus,gwompus
swap,5,-300,82,1,4,0.0,rempus,rempus,gwompus
swap,5,-100,82,1,4,0.0,rempus,rempus,gwompus
swap,5,100,82,1,4,0.0,rempus,rempus,gwompus
swap,5,300,82,1,4,0.0,rempus,rempus,gwompus
swap,5,600,82,1,4,0.0,rempus,rempus,gwompus
swap,5,1200,82,1,4,0.0,rempus,rempus,gwompus
swap,0,0,83,1,3,0.0,scrompus,scrompus,jompus
swap,1,-1200,83,1,3,0.0,scrompus,scrompus,jompus
swap,1,-600,83,1,3,0.0,scrompus,scrompus,jompus
swap,1,-300,83,1,3,0.0,scrompus,scrompus,jompus
swap,1,-100,83,1,3,0.0,scrompus,scrompus,jompus
swap,1,100,83,1,3,0.0,scrompus,scrompus,jompus
swap,1,300,83,1,3,0.0,scrompus,scrompus,jompus
swap,1,600,83,1,3,0.0,scrompus,scrompus,jompus
swap,1,1200,83,1,3,0.0,scrompus,scrompus,jompus
swap,2,-1200,83,1,3,0.0,scrompus,scrompus,jompus
swap,2,-600,83,1,3,0.0,scrompus,scrompus,jompus
swap,2,-300,83,1,3,0.0,scrompus,scrompus,jompus
swap,2,-100,83,1,3,0.0,scrompus,scrompus,jompus
swap,2,100,83,1,3,0.0,scrompus,scrompus,jompus
swap,2,300,83,1,3,0.0,scrompus,scrompus,jompus
swap,2,600,83,1,3,0.0,scrompus,scrompus,jompus
swap,2,1200,83,1,3,0.0,scrompus,scrompus,jompus
swap,3,-1200,83,1,3,0.0,scrompus,scrompus,jompus
swap,3,-600,83,1,3,0.0,scrompus,scrompus,jompus
swap,3,-300,83,1,3,0.0,scrompus,scrompus,jompus
swap,3,-100,83,1,3,0.0,scrompus,scrompus,jompus
swap,3,100,83,1,3,0.0,scrompus,scrompus,jompus
swap,3,300,83,1,3,0.0,scrompus,scrompus,jompus
swap,3,600,83,1,3,0.0,scrompus,scrompus,jompus
swap,3,1200,83,1,3,0.0,scrompus,scrompus,jompus
swap,4,-1200,83,1,3,0.0,scrompus,scrompus,jompus
swap,4,-600,83,1,3,0.0,scrompus,scrompus,jompus
swap,4,-300,83,1,3,0.0,scrompus,scrompus,jompus
swap,4,-100,83,1,3,0.0,scrompus,scrompus,jompus
swap,4,100,83,1,3,0.0,scrompus,scrompus,jompus
swap,4,300,83,1,3,0.0,scrompus,scrompus,jompus
swap,4,600,83,1,3,0.0,scrompus,scrompus,jompus
swap,4,1200,83,1,3,0.0,scrompus,scrompus,jompus
swap,5,-1200,83,1,3,0.0,scrompus,scrompus,jompus
swap,5,-600,83,1,3,0.0,scrompus,scrompus,jompus
swap,5,-300,83,1,3,0.0,scrompus,scrompus,jompus
swap,5,-100,83,1,3,0.0,scrompus,scrompus,jompus
swap,5,100,83,1,3,0.0,scrompus,scrompus,jompus
swap,5,300,83,1,3,0.0,scrompus,scrompus,jompus
swap,5,600,83,1,3,0.0,scrompus,scrompus,jompus
swap,5,1200,83,1,3,0.0,scrompus,scrompus,jompus
swap,0,0,84,1,4,0.0,hilpus,hilpus,gorpus
swap,1,-1200,84,1,4,0.0,hilpus,hilpus,gorpus
swap,1,-600,84,1,4,0.0,hilpus,hilpus,gorpus
swap,1,-300,84,1,4,0.0,hilpus,hilpus,gorpus
swap,1,-100,84,1,4,0.0,hilpus,hilpus,gorpus
swap,1,100,84,1,4,0.0,hilpus,hilpus,gorpus
swap,1,300,84,1,4,0.0,hilpus,hilpus,gorpus
swap,1,600,84,1,4,0.0,hilpus,hilpus,gorpus
swap,1,1200,84,1,4,0.0,hilpus,hilpus,gorpus
swap,2,-1200,84,1,4,0.0,hilpus,hilpus,gorpus
swap,2,-600,84,1,4,0.0,hilpus,hilpus,gorpus
swap,2,-300,84,1,4,0.0,hilpus,hilpus,gorpus
swap,2,-100,84,1,4,0.0,hilpus,hilpus,gorpus
swap,2,100,84,1,4,0.0,hilpus,hilpus,gorpus
swap,2,300,84,1,4,0.0,hilpus,hilpus,gorpus
swap,2,600,84,1,4,0.0,hilpus,hilpus,gorpus
swap,2,1200,84,1,4,0.0,hilpus,hilpus,gorpus
swap,3,-1200,84,1,4,0.0,hilpus,hilpus,gorpus
swap,3,-600,84,1,4,0.0,hilpus,hilpus,gorpus
swap,3,-300,84,1,4,0.0,hilpus,hilpus,gorpus
swap,3,-100,84,1,4,0.0,hilpus,hilpus,gorpus
swap,3,100,84,1,4,0.0,hilpus,hilpus,gorpus
swap,3,300,84,1,4,0.0,hilpus,hilpus,gorpus
swap,3,600,84,1,4,0.0,hilpus,hilpus,gorpus
swap,3,1200,84,1,4,0.0,hilpus,hilpus,gorpus
swap,4,-1200,84,1,4,0.0,hilpus,hilpus,gorpus
swap,4,-600,84,1,4,0.0,hilpus,hilpus,gorpus
swap,4,-300,84,1,4,0.0,hilpus,hilpus,gorpus
swap,4,-100,84,1,4,0.0,hilpus,hilpus,gorpus
swap,4,100,84,1,4,0.0,hilpus,hilpus,gorpus
swap,4,300,84,1,4,0.0,hilpus,hilpus,gorpus
swap,4,600,84,1,4,0.0,hilpus,hilpus,gorpus
swap,4,1200,84,1,4,0.0,hilpus,hilpus,gorpus
swap,5,-1200,84,1,4,0.0,hilpus,hilpus,gorpus
swap,5,-600,84,1,4,0.0,hilpus,hilpus,gorpus
swap,5,-300,84,1,4,0.0,hilpus,hilpus,gorpus
swap,5,-100,84,1,4,0.0,hilpus,hilpus,gorpus
swap,5,100,84,1,4,0.0,hilpus,hilpus,gorpus
swap,5,300,84,1,4,0.0,hilpus,hilpus,gorpus
swap,5,600,84,1,4,0.0,hilpus,hilpus,gorpus
swap,5,1200,84,1,4,0.0,hilpus,hilpus,gorpus
swap,0,0,85,1,4,0.0,timpus,timpus,rorpus
swap,1,-1200,85,1,4,0.0,timpus,timpus,rorpus
swap,1,-600,85,1,4,0.0,timpus,timpus,rorpus
swap,1,-300,85,1,4,0.0,timpus,timpus,rorpus
swap,1,-100,85,1,4,0.0,timpus,timpus,rorpus
swap,1,100,85,1,4,0.0,timpus,timpus,rorpus
swap,1,300,85,1,4,0.0,timpus,timpus,rorpus
swap,1,600,85,1,4,0.0,timpus,timpus,rorpus
swap,1,1200,85,1,4,0.0,timpus,timpus,rorpus
swap,2,-1200,85,1,4,0.0,timpus,timpus,rorpus
swap,2,-600,85,1,4,0.0,timpus,timpus,rorpus
swap,2,-300,85,1,4,0.0,timpus,timpus,rorpus
swap,2,-100,85,1,4,0.0,timpus,timpus,rorpus
swap,2,100,85,1,4,0.0,timpus,timpus,rorpus
swap,2,300,85,1,4,0.0,timpus,timpus,rorpus
swap,2,600,85,1,4,0.0,timpus,timpus,rorpus
swap,2,1200,85,1,4,0.0,timpus,timpus,rorpus
swap,3,-1200,85,1,4,0.0,timpus,timpus,rorpus
swap,3,-600,85,1,4,0.0,timpus,timpus,rorpus
swap,3,-300,85,1,4,0.0,timpus,timpus,rorpus
swap,3,-100,85,1,4,0.0,timpus,timpus,rorpus
swap,3,100,85,1,4,0.0,timpus,timpus,rorpus
swap,3,300,85,1,4,0.0,timpus,timpus,rorpus
swap,3,600,85,1,4,0.0,timpus,timpus,rorpus
swap,3,1200,85,1,4,0.0,timpus,timpus,rorpus
swap,4,-1200,85,1,4,0.0,timpus,timpus,rorpus
swap,4,-600,85,1,4,0.0,timpus,timpus,rorpus
swap,4,-300,85,1,4,0.0,timpus,timpus,rorpus
swap,4,-100,85,1,4,0.0,timpus,timpus,rorpus
swap,4,100,85,1,4,0.0,timpus,timpus,rorpus
swap,4,300,85,1,4,0.0,timpus,timpus,rorpus
swap,4,600,85,1,4,0.0,timpus,timpus,rorpus
swap,4,1200,85,1,4,0.0,timpus,timpus,rorpus
swap,5,-1200,85,1,4,0.0,timpus,timpus,rorpus
swap,5,-600,85,1,4,0.0,timpus,timpus,rorpus
swap,5,-300,85,1,4,0.0,timpus,timpus,rorpus
swap,5,-100,85,1,4,0.0,timpus,timpus,rorpus
swap,5,100,85,1,4,0.0,timpus,timpus,rorpus
swap,5,300,85,1,4,0.0,timpus,timpus,rorpus
swap,5,600,85,1,4,0.0,timpus,timpus,rorpus
swap,5,1200,85,1,4,0.0,timpus,timpus,rorpus
swap,0,0,86,1,5,0.0,rorpus,rorpus,chorpus
swap,1,-1200,86,1,5,0.0,rorpus,rorpus,chorpus
swap,1,-600,86,1,5,0.0,rorpus,rorpus,chorpus
swap,1,-300,86,1,5,0.0,rorpus,rorpus,chorpus
swap,1,-100,86,1,5,0.0,rorpus,rorpus,chorpus
swap,1,100,86,1,5,0.0,rorpus,rorpus,chorpus
swap,1,300,86,1,5,0.0,rorpus,rorpus,chorpus
swap,1,600,86,1,5,0.0,rorpus,rorpus,chorpus
swap,1,1200,86,1,5,0.0,rorpus,rorpus,chorpus
swap,2,-1200,86,1,5,0.0,rorpus,rorpus,chorpus
swap,2,-600,86,1,5,0.0,rorpus,rorpus,chorpus
swap,2,-300,86,1,5,0.0,rorpus,rorpus,chorpus
swap,2,-100,86,1,5,0.0,rorpus,rorpus,chorpus
swap,2,100,86,1,5,0.0,rorpus,rorpus,chorpus
swap,2,300,86,1,5,0.0,rorpus,rorpus,chorpus
swap,2,600,86,1,5,0.0,rorpus,rorpus,chorpus
swap,2,1200,86,1,5,0.0,rorpus,rorpus,chorpus
swap,3,-1200,86,1,5,0.0,rorpus,rorpus,chorpus
swap,3,-600,86,1,5,0.0,rorpus,rorpus,chorpus
swap,3,-300,86,1,5,0.0,rorpus,rorpus,chorpus
swap,3,-100,86,1,5,0.0,rorpus,rorpus,chorpus
swap,3,100,86,1,5,0.0,rorpus,rorpus,chorpus
swap,3,300,86,1,5,0.0,rorpus,rorpus,chorpus
swap,3,600,86,1,5,0.0,rorpus,rorpus,chorpus
swap,3,1200,86,1,5,0.0,rorpus,rorpus,chorpus
swap,4,-1200,86,1,5,0.0,rorpus,rorpus,chorpus
swap,4,-600,86,1,5,0.0,rorpus,rorpus,chorpus
swap,4,-300,86,1,5,0.0,rorpus,rorpus,chorpus
swap,4,-100,86,1,5,0.0,rorpus,rorpus,chorpus
swap,4,100,86,1,5,0.0,rorpus,rorpus,chorpus
swap,4,300,86,1,5,0.0,rorpus,rorpus,chorpus
swap,4,600,86,1,5,0.0,rorpus,rorpus,chorpus
swap,4,1200,86,1,5,0.0,rorpus,rorpus,chorpus
swap,5,-1200,86,1,5,0.0,rorpus,rorpus,chorpus
swap,5,-600,86,1,5,0.0,rorpus,rorpus,chorpus
swap,5,-300,86,1,5,0.0,rorpus,rorpus,chorpus
swap,5,-100,86,1,5,0.0,rorpus,rorpus,chorpus
swap,5,100,86,1,5,0.0,rorpus,rorpus,chorpus
swap,5,300,86,1,5,0.0,rorpus,rorpus,chorpus
swap,5,600,86,1,5,0.0,rorpus,rorpus,chorpus
swap,5,1200,86,1,5,0.0,rorpus,rorpus,chorpus
swap,0,0,87,1,3,0.0,fompus,fompus,timpus
swap,1,-1200,87,1,3,0.0,fompus,fompus,timpus
swap,1,-600,87,1,3,0.0,fompus,fompus,timpus
swap,1,-300,87,1,3,0.0,fompus,fompus,timpus
swap,1,-100,87,1,3,0.0,fompus,fompus,timpus
swap,1,100,87,1,3,0.0,fompus,fompus,timpus
swap,1,300,87,1,3,0.0,fompus,fompus,timpus
swap,1,600,87,1,3,0.0,fompus,fompus,timpus
swap,1,1200,87,1,3,0.0,fompus,fompus,timpus
swap,2,-1200,87,1,3,0.0,fompus,fompus,timpus
swap,2,-600,87,1,3,0.0,fompus,fompus,timpus
swap,2,-300,87,1,3,0.0,fompus,fompus,timpus
swap,2,-100,87,1,3,0.0,fompus,fompus,timpus
swap,2,100,87,1,3,0.0,fompus,fompus,timpus
swap,2,300,87,1,3,0.0,fompus,fompus,timpus
swap,2,600,87,1,3,0.0,fompus,fompus,timpus
swap,2,1200,87,1,3,0.0,fompus,fompus,timpus
swap,3,-1200,87,1,3,0.0,fompus,fompus,timpus
swap,3,-600,87,1,3,0.0,fompus,fompus,timpus
swap,3,-300,87,1,3,0.0,fompus,fompus,timpus
swap,3,-100,87,1,3,0.0,fompus,fompus,timpus
swap,3,100,87,1,3,0.0,fompus,fompus,timpus
swap,3,300,87,1,3,0.0,fompus,fompus,timpus
swap,3,600,87,1,3,0.0,fompus,fompus,timpus
swap,3,1200,87,1,3,0.0,fompus,fompus,timpus
swap,4,-1200,87,1,3,0.0,fompus,fompus,timpus
swap,4,-600,87,1,3,0.0,fompus,fompus,timpus
swap,4,-300,87,1,3,0.0,fompus,fompus,timpus
swap,4,-100,87,1,3,0.0,fompus,fompus,timpus
swap,4,100,87,1,3,0.0,fompus,fompus,timpus
swap,4,300,87,1,3,0.0,fompus,fompus,timpus
swap,4,600,87,1,3,0.0,fompus,fompus,timpus
swap,4,1200,87,1,3,0.0,fompus,fompus,timpus
swap,5,-1200,87,1,3,0.0,fompus,fompus,timpus
swap,5,-600,87,1,3,0.0,fompus,fompus,timpus
swap,5,-300,87,1,3,0.0,fompus,fompus,timpus
swap,5,-100,87,1,3,0.0,fompus,fompus,timpus
swap,5,100,87,1,3,0.0,fompus,fompus,timpus
swap,5,300,87,1,3,0.0,fompus,fompus,timpus
swap,5,600,87,1,3,0.0,fompus,fompus,timpus
swap,5,1200,87,1,3,0.0,fompus,fompus,timpus
swap,0,0,88,1,3,0.0,rempus,rempus,zumpus
swap,1,-1200,88,1,3,0.0,rempus,rempus,zumpus
swap,1,-600,88,1,3,0.0,rempus,rempus,zumpus
swap,1,-300,88,1,3,0.0,rempus,rempus,zumpus
swap,1,-100,88,1,3,0.0,rempus,rempus,zumpus
swap,1,100,88,1,3,0.0,rempus,rempus,zumpus
swap,1,300,88,1,3,0.0,rempus,rempus,zumpus
swap,1,600,88,1,3,0.0,rempus,rempus,zumpus
swap,1,1200,88,1,3,0.0,rempus,rempus,zumpus
swap,2,-1200,88,1,3,0.0,rempus,rempus,zumpus
swap,2,-600,88,1,3,0.0,rempus,rempus,zumpus
swap,2,-300,88,1,3,0.0,rempus,rempus,zumpus
swap,2,-100,88,1,3,0.0,rempus,rempus,zumpus
swap,2,100,88,1,3,0.0,rempus,rempus,zumpus
swap,2,300,88,1,3,0.0,rempus,rempus,zumpus
swap,2,600,88,1,3,0.0,rempus,rempus,zumpus
swap,2,1200,88,1,3,0.0,rempus,rempus,zumpus
swap,3,-1200,88,1,3,0.0,rempus,rempus,zumpus
swap,3,-600,88,1,3,0.0,rempus,rempus,zumpus
swap,3,-300,88,1,3,0.0,rempus,rempus,zumpus
swap,3,-100,88,1,3,0.0,rempus,rempus,zumpus
swap,3,100,88,1,3,0.0,rempus,rempus,zumpus
swap,3,300,88,1,3,0.0,rempus,rempus,zumpus
swap,3,600,88,1,3,0.0,rempus,rempus,zumpus
swap,3,1200,88,1,3,0.0,rempus,rempus,zumpus
swap,4,-1200,88,1,3,0.0,rempus,rempus,zumpus
swap,4,-600,88,1,3,0.0,rempus,rempus,zumpus
swap,4,-300,88,1,3,0.0,rempus,rempus,zumpus
swap,4,-100,88,1,3,0.0,rempus,rempus,zumpus
swap,4,100,88,1,3,0.0,rempus,rempus,zumpus
swap,4,300,88,1,3,0.0,rempus,rempus,zumpus
swap,4,600,88,1,3,0.0,rempus,rempus,zumpus
swap,4,1200,88,1,3,0.0,rempus,rempus,zumpus
swap,5,-1200,88,1,3,0.0,rempus,rempus,zumpus
swap,5,-600,88,1,3,0.0,rempus,rempus,zumpus
swap,5,-300,88,1,3,0.0,rempus,rempus,zumpus
swap,5,-100,88,1,3,0.0,rempus,rempus,zumpus
swap,5,100,88,1,3,0.0,rempus,rempus,zumpus
swap,5,300,88,1,3,0.0,rempus,rempus,zumpus
swap,5,600,88,1,3,0.0,rempus,rempus,zumpus
swap,5,1200,88,1,3,0.0,rempus,rempus,zumpus
swap,0,0,89,1,3,0.0,felpus,felpus,bompus
swap,1,-1200,89,1,3,0.0,felpus,felpus,bompus
swap,1,-600,89,1,3,0.0,felpus,felpus,bompus
swap,1,-300,89,1,3,0.0,felpus,felpus,bompus
swap,1,-100,89,1,3,0.0,felpus,felpus,bompus
swap,1,100,89,1,3,0.0,felpus,felpus,bompus
swap,1,300,89,1,3,0.0,felpus,felpus,bompus
swap,1,600,89,1,3,0.0,felpus,felpus,bompus
swap,1,1200,89,1,3,0.0,felpus,felpus,bompus
swap,2,-1200,89,1,3,0.0,felpus,felpus,bompus
swap,2,-600,89,1,3,0.0,felpus,felpus,bompus
swap,2,-300,89,1,3,0.0,felpus,felpus,bompus
swap,2,-100,89,1,3,0.0,felpus,felpus,bompus
swap,2,100,89,1,3,0.0,felpus,felpus,bompus
swap,2,300,89,1,3,0.0,felpus,felpus,bompus
swap,2,600,89,1,3,0.0,felpus,felpus,bompus
swap,2,1200,89,1,3,0.0,felpus,felpus,bompus
swap,3,-1200,89,1,3,0.0,felpus,felpus,bompus
swap,3,-600,89,1,3,0.0,felpus,felpus,bompus
swap,3,-300,89,1,3,0.0,felpus,felpus,bompus
swap,3,-100,89,1,3,0.0,felpus,felpus,bompus
swap,3,100,89,1,3,0.0,felpus,felpus,bompus
swap,3,300,89,1,3,0.0,felpus,felpus,bompus
swap,3,600,89,1,3,0.0,felpus,felpus,bompus
swap,3,1200,89,1,3,0.0,felpus,felpus,bompus
swap,4,-1200,89,1,3,0.0,felpus,felpus,bompus
swap,4,-600,89,1,3,0.0,felpus,felpus,bompus
swap,4,-300,89,1,3,0.0,felpus,felpus,bompus
swap,4,-100,89,1,3,0.0,felpus,felpus,bompus
swap,4,100,89,1,3,0.0,felpus,felpus,bompus
swap,4,300,89,1,3,0.0,felpus,felpus,bompus
swap,4,600,89,1,3,0.0,felpus,felpus,bompus
swap,4,1200,89,1,3,0.0,felpus,felpus,bompus
swap,5,-1200,89,1,3,0.0,felpus,felpus,bompus
swap,5,-600,89,1,3,0.0,felpus,felpus,bompus
swap,5,-300,89,1,3,0.0,felpus,felpus,bompus
swap,5,-100,89,1,3,0.0,felpus,felpus,bompus
swap,5,100,89,1,3,0.0,felpus,felpus,bompus
swap,5,300,89,1,3,0.0,felpus,felpus,bompus
swap,5,600,89,1,3,0.0,felpus,felpus,bompus
swap,5,1200,89,1,3,0.0,felpus,felpus,bompus
swap,0,0,90,1,4,0.0,felpus,felpus,gorpus
swap,1,-1200,90,1,4,0.0,felpus,felpus,gorpus
swap,1,-600,90,1,4,0.0,felpus,felpus,gorpus
swap,1,-300,90,1,4,0.0,felpus,felpus,gorpus
swap,1,-100,90,1,4,0.0,felpus,felpus,gorpus
swap,1,100,90,1,4,0.0,felpus,felpus,gorpus
swap,1,300,90,1,4,0.0,felpus,felpus,gorpus
swap,1,600,90,1,4,0.0,felpus,felpus,gorpus
swap,1,1200,90,1,4,0.0,felpus,felpus,gorpus
swap,2,-1200,90,1,4,0.0,felpus,felpus,gorpus
swap,2,-600,90,1,4,0.0,felpus,felpus,gorpus
swap,2,-300,90,1,4,0.0,felpus,felpus,gorpus
swap,2,-100,90,1,4,0.0,felpus,felpus,gorpus
swap,2,100,90,1,4,0.0,felpus,felpus,gorpus
swap,2,300,90,1,4,0.0,felpus,felpus,gorpus
swap,2,600,90,1,4,0.0,felpus,felpus,gorpus
swap,2,1200,90,1,4,0.0,felpus,felpus,gorpus
swap,3,-1200,90,1,4,0.0,felpus,felpus,gorpus
swap,3,-600,90,1,4,0.0,felpus,felpus,gorpus
swap,3,-300,90,1,4,0.0,felpus,felpus,gorpus
swap,3,-100,90,1,4,0.0,felpus,felpus,gorpus
swap,3,100,90,1,4,0.0,felpus,felpus,gorpus
swap,3,300,90,1,4,0.0,felpus,felpus,gorpus
swap,3,600,90,1,4,0.0,felpus,felpus,gorpus
swap,3,1200,90,1,4,0.0,felpus,felpus,gorpus
swap,4,-1200,90,1,4,0.0,felpus,felpus,gorpus
swap,4,-600,90,1,4,0.0,felpus,felpus,gorpus
swap,4,-300,90,1,4,0.0,felpus,felpus,gorpus
swap,4,-100,90,1,4,0.0,felpus,felpus,gorpus
swap,4,100,90,1,4,0.0,felpus,felpus,gorpus
swap,4,300,90,1,4,0.0,felpus,felpus,gorpus
swap,4,600,90,1,4,0.0,felpus,felpus,gorpus
swap,4,1200,90,1,4,0.0,felpus,felpus,gorpus
swap,5,-1200,90,1,4,0.0,felpus,felpus,gorpus
swap,5,-600,90,1,4,0.0,felpus,felpus,gorpus
swap,5,-300,90,1,4,0.0,felpus,felpus,gorpus
swap,5,-100,90,1,4,0.0,felpus,felpus,gorpus
swap,5,100,90,1,4,0.0,felpus,felpus,gorpus
swap,5,300,90,1,4,0.0,felpus,felpus,gorpus
swap,5,600,90,1,4,0.0,felpus,felpus,gorpus
swap,5,1200,90,1,4,0.0,felpus,felpus,gorpus
swap,0,0,91,1,5,0.0,quimpus,quimpus,rorpus
swap,1,-1200,91,1,5,0.0,quimpus,quimpus,rorpus
swap,1,-600,91,1,5,0.0,quimpus,quimpus,rorpus
swap,1,-300,91,1,5,0.0,quimpus,quimpus,rorpus
swap,1,-100,91,1,5,0.0,quimpus,quimpus,rorpus
swap,1,100,91,1,5,0.0,quimpus,quimpus,rorpus
swap,1,300,91,1,5,0.0,quimpus,quimpus,rorpus
swap,1,600,91,1,5,0.0,quimpus,quimpus,rorpus
swap,1,1200,91,1,5,0.0,quimpus,quimpus,rorpus
swap,2,-1200,91,1,5,0.0,quimpus,quimpus,rorpus
swap,2,-600,91,1,5,0.0,quimpus,quimpus,rorpus
swap,2,-300,91,1,5,0.0,quimpus,quimpus,rorpus
swap,2,-100,91,1,5,0.0,quimpus,quimpus,rorpus
swap,2,100,91,1,5,0.0,quimpus,quimpus,rorpus
swap,2,300,91,1,5,0.0,quimpus,quimpus,rorpus
swap,2,600,91,1,5,0.0,quimpus,quimpus,rorpus
swap,2,1200,91,1,5,0.0,quimpus,quimpus,rorpus
swap,3,-1200,91,1,5,0.0,quimpus,quimpus,rorpus
swap,3,-600,91,1,5,0.0,quimpus,quimpus,rorpus
swap,3,-300,91,1,5,0.0,quimpus,quimpus,rorpus
swap,3,-100,91,1,5,0.0,quimpus,quimpus,rorpus
swap,3,100,91,1,5,0.0,quimpus,quimpus,rorpus
swap,3,300,91,1,5,0.0,quimpus,quimpus,rorpus
swap,3,600,91,1,5,0.0,quimpus,quimpus,rorpus
swap,3,1200,91,1,5,0.0,quimpus,quimpus,rorpus
swap,4,-1200,91,1,5,0.0,quimpus,quimpus,rorpus
swap,4,-600,91,1,5,0.0,quimpus,quimpus,rorpus
swap,4,-300,91,1,5,0.0,quimpus,quimpus,rorpus
swap,4,-100,91,1,5,0.0,quimpus,quimpus,rorpus
swap,4,100,91,1,5,0.0,quimpus,quimpus,rorpus
swap,4,300,91,1,5,0.0,quimpus,quimpus,rorpus
swap,4,600,91,1,5,0.0,quimpus,quimpus,rorpus
swap,4,1200,91,1,5,0.0,quimpus,quimpus,rorpus
swap,5,-1200,91,1,5,0.0,quimpus,quimpus,rorpus
swap,5,-600,91,1,5,0.0,quimpus,quimpus,rorpus
swap,5,-300,91,1,5,0.0,quimpus,quimpus,rorpus
swap,5,-100,91,1,5,0.0,quimpus,quimpus,rorpus
swap,5,100,91,1,5,0.0,quimpus,quimpus,rorpus
swap,5,300,91,1,5,0.0,quimpus,quimpus,rorpus
swap,5,600,91,1,5,0.0,quimpus,quimpus,rorpus
swap,5,1200,91,1,5,0.0,quimpus,quimpus,rorpus
swap,0,0,92,1,3,0.0,gorpus,gorpus,brimpus
swap,1,-1200,92,1,3,0.0,gorpus,gorpus,brimpus
swap,1,-600,92,1,3,0.0,gorpus,gorpus,brimpus
swap,1,-300,92,1,3,0.0,gorpus,gorpus,brimpus
swap,1,-100,92,1,3,0.0,gorpus,gorpus,brimpus
swap,1,100,92,1,3,0.0,gorpus,gorpus,brimpus
swap,1,300,92,1,3,0.0,gorpus,gorpus,brimpus
swap,1,600,92,1,3,0.0,gorpus,gorpus,brimpus
swap,1,1200,92,1,3,0.0,gorpus,gorpus,brimpus
swap,2,-1200,92,1,3,0.0,gorpus,gorpus,brimpus
swap,2,-600,92,1,3,0.0,gorpus,gorpus,brimpus
swap,2,-300,92,1,3,0.0,gorpus,gorpus,brimpus
swap,2,-100,92,1,3,0.0,gorpus,gorpus,brimpus
swap,2,100,92,1,3,0.0,gorpus,gorpus,brimpus
swap,2,300,92,1,3,0.0,gorpus,gorpus,brimpus
swap,2,600,92,1,3,0.0,gorpus,gorpus,brimpus
swap,2,1200,92,1,3,0.0,gorpus,gorpus,brimpus
swap,3,-1200,92,1,3,0.0,gorpus,gorpus,brimpus
swap,3,-600,92,1,3,0.0,gorpus,gorpus,brimpus
swap,3,-300,92,1,3,0.0,gorpus,gorpus,brimpus
swap,3,-100,92,1,3,0.0,gorpus,gorpus,brimpus
swap,3,100,92,1,3,0.0,gorpus,gorpus,brimpus
swap,3,300,92,1,3,0.0,gorpus,gorpus,brimpus
swap,3,600,92,1,3,0.0,gorpus,gorpus,brimpus
swap,3,1200,92,1,3,0.0,gorpus,gorpus,brimpus
swap,4,-1200,92,1,3,0.0,gorpus,gorpus,brimpus
swap,4,-600,92,1,3,0.0,gorpus,gorpus,brimpus
swap,4,-300,92,1,3,0.0,gorpus,gorpus,brimpus
swap,4,-100,92,1,3,0.0,gorpus,gorpus,brimpus
swap,4,100,92,1,3,0.0,gorpus,gorpus,brimpus
swap,4,300,92,1,3,0.0,gorpus,gorpus,brimpus
swap,4,600,92,1,3,0.0,gorpus,gorpus,brimpus
swap,4,1200,92,1,3,0.0,gorpus,gorpus,brimpus
swap,5,-1200,92,1,3,0.0,gorpus,gorpus,brimpus
swap,5,-600,92,1,3,0.0,gorpus,gorpus,brimpus
swap,5,-300,92,1,3,0.0,gorpus,gorpus,brimpus
swap,5,-100,92,1,3,0.0,gorpus,gorpus,brimpus
swap,5,100,92,1,3,0.0,gorpus,gorpus,brimpus
swap,5,300,92,1,3,0.0,gorpus,gorpus,brimpus
swap,5,600,92,1,3,0.0,gorpus,gorpus,brimpus
swap,5,1200,92,1,3,0.0,gorpus,gorpus,brimpus
swap,0,0,93,1,3,0.0,brimpus,brimpus,jelpus
swap,1,-1200,93,1,3,0.0,brimpus,brimpus,jelpus
swap,1,-600,93,1,3,0.0,brimpus,brimpus,jelpus
swap,1,-300,93,1,3,0.0,brimpus,brimpus,jelpus
swap,1,-100,93,1,3,0.0,brimpus,brimpus,jelpus
swap,1,100,93,1,3,0.0,brimpus,brimpus,jelpus
swap,1,300,93,1,3,0.0,brimpus,brimpus,jelpus
swap,1,600,93,1,3,0.0,brimpus,brimpus,jelpus
swap,1,1200,93,1,3,0.0,brimpus,brimpus,jelpus
swap,2,-1200,93,1,3,0.0,brimpus,brimpus,jelpus
swap,2,-600,93,1,3,0.0,brimpus,brimpus,jelpus
swap,2,-300,93,1,3,0.0,brimpus,brimpus,jelpus
swap,2,-100,93,1,3,0.0,brimpus,brimpus,jelpus
swap,2,100,93,1,3,0.0,brimpus,brimpus,jelpus
swap,2,300,93,1,3,0.0,brimpus,brimpus,jelpus
swap,2,600,93,1,3,0.0,brimpus,brimpus,jelpus
swap,2,1200,93,1,3,0.0,brimpus,brimpus,jelpus
swap,3,-1200,93,1,3,0.0,brimpus,brimpus,jelpus
swap,3,-600,93,1,3,0.0,brimpus,brimpus,jelpus
swap,3,-300,93,1,3,0.0,brimpus,brimpus,jelpus
swap,3,-100,93,1,3,0.0,brimpus,brimpus,jelpus
swap,3,100,93,1,3,0.0,brimpus,brimpus,jelpus
swap,3,300,93,1,3,0.0,brimpus,brimpus,jelpus
swap,3,600,93,1,3,0.0,brimpus,brimpus,jelpus
swap,3,1200,93,1,3,0.0,brimpus,brimpus,jelpus
swap,4,-1200,93,1,3,0.0,brimpus,brimpus,jelpus
swap,4,-600,93,1,3,0.0,brimpus,brimpus,jelpus
swap,4,-300,93,1,3,0.0,brimpus,brimpus,jelpus
swap,4,-100,93,1,3,0.0,brimpus,brimpus,jelpus
swap,4,100,93,1,3,0.0,brimpus,brimpus,jelpus
swap,4,300,93,1,3,0.0,brimpus,brimpus,jelpus
swap,4,600,93,1,3,0.0,brimpus,brimpus,jelpus
swap,4,1200,93,1,3,0.0,brimpus,brimpus,jelpus
swap,5,-1200,93,1,3,0.0,brimpus,brimpus,jelpus
swap,5,-600,93,1,3,0.0,brimpus,brimpus,jelpus
swap,5,-300,93,1,3,0.0,brimpus,brimpus,jelpus
swap,5,-100,93,1,3,0.0,brimpus,brimpus,jelpus
swap,5,100,93,1,3,0.0,brimpus,brimpus,jelpus
swap,5,300,93,1,3,0.0,brimpus,brimpus,jelpus
swap,5,600,93,1,3,0.0,brimpus,brimpus,jelpus
swap,5,1200,93,1,3,0.0,brimpus,brimpus,jelpus
swap,0,0,94,0,3,0.0,fompus,gerpus,fompus
swap,1,-1200,94,0,3,0.0,fompus,gerpus,fompus
swap,1,-600,94,0,3,0.0,fompus,gerpus,fompus
swap,1,-300,94,0,3,0.0,fompus,gerpus,fompus
swap,1,-100,94,0,3,0.0,fompus,gerpus,fompus
swap,1,100,94,0,3,0.0,fompus,gerpus,fompus
swap,1,300,94,0,3,0.0,fompus,gerpus,fompus
swap,1,600,94,0,3,0.0,fompus,gerpus,fompus
swap,1,1200,94,0,3,0.0,fompus,gerpus,fompus
swap,2,-1200,94,0,3,0.0,fompus,gerpus,fompus
swap,2,-600,94,0,3,0.0,fompus,gerpus,fompus
swap,2,-300,94,0,3,0.0,fompus,gerpus,fompus
swap,2,-100,94,0,3,0.0,fompus,gerpus,fompus
swap,2,100,94,0,3,0.0,fompus,gerpus,fompus
swap,2,300,94,0,3,0.0,fompus,gerpus,fompus
swap,2,600,94,0,3,0.0,fompus,gerpus,fompus
swap,2,1200,94,0,3,0.0,fompus,gerpus,fompus
swap,3,-1200,94,0,3,0.0,fompus,gerpus,fompus
swap,3,-600,94,0,3,0.0,fompus,gerpus,fompus
swap,3,-300,94,0,3,0.0,fompus,gerpus,fompus
swap,3,-100,94,0,3,0.0,fompus,gerpus,fompus
swap,3,100,94,0,3,0.0,fompus,gerpus,fompus
swap,3,300,94,0,3,0.0,fompus,gerpus,fompus
swap,3,600,94,0,3,0.0,fompus,gerpus,fompus
swap,3,1200,94,0,3,0.0,fompus,gerpus,fompus
swap,4,-1200,94,0,3,0.0,fompus,gerpus,fompus
swap,4,-600,94,0,3,0.0,fompus,gerpus,fompus
swap,4,-300,94,0,3,0.0,fompus,gerpus,fompus
swap,4,-100,94,0,3,0.0,fompus,gerpus,fompus
swap,4,100,94,0,3,0.0,fompus,gerpus,fompus
swap,4,300,94,0,3,0.0,fompus,gerpus,fompus
swap,4,600,94,0,3,0.0,fompus,gerpus,fompus
swap,4,1200,94,0,3,0.0,fompus,gerpus,fompus
swap,5,-1200,94,0,3,0.0,fompus,gerpus,fompus
swap,5,-600,94,0,3,0.0,fompus,gerpus,fompus
swap,5,-300,94,0,3,0.0,fompus,gerpus,fompus
swap,5,-100,94,0,3,0.0,fompus,gerpus,fompus
swap,5,100,94,0,3,0.0,fompus,gerpus,fompus
swap,5,300,94,0,3,0.0,fompus,gerpus,fompus
swap,5,600,94,0,3,0.0,fompus,gerpus,fompus
swap,5,1200,94,0,3,0.0,fompus,gerpus,fompus
swap,0,0,95,1,3,0.0,felpus,felpus,scrompus
swap,1,-1200,95,1,3,0.0,felpus,felpus,scrompus
swap,1,-600,95,1,3,0.0,felpus,felpus,scrompus
swap,1,-300,95,1,3,0.0,felpus,felpus,scrompus
swap,1,-100,95,1,3,0.0,felpus,felpus,scrompus
swap,1,100,95,1,3,0.0,felpus,felpus,scrompus
swap,1,300,95,1,3,0.0,felpus,felpus,scrompus
swap,1,600,95,1,3,0.0,felpus,felpus,scrompus
swap,1,1200,95,1,3,0.0,felpus,felpus,scrompus
swap,2,-1200,95,1,3,0.0,felpus,felpus,scrompus
swap,2,-600,95,1,3,0.0,felpus,felpus,scrompus
swap,2,-300,95,1,3,0.0,felpus,felpus,scrompus
swap,2,-100,95,1,3,0.0,felpus,felpus,scrompus
swap,2,100,95,1,3,0.0,felpus,felpus,scrompus
swap,2,300,95,1,3,0.0,felpus,felpus,scrompus
swap,2,600,95,1,3,0.0,felpus,felpus,scrompus
swap,2,1200,95,1,3,0.0,felpus,felpus,scrompus
swap,3,-1200,95,1,3,0.0,felpus,felpus,scrompus
swap,3,-600,95,1,3,0.0,felpus,felpus,scrompus
swap,3,-300,95,1,3,0.0,felpus,felpus,scrompus
swap,3,-100,95,1,3,0.0,felpus,felpus,scrompus
swap,3,100,95,1,3,0.0,felpus,felpus,scrompus
swap,3,300,95,1,3,0.0,felpus,felpus,scrompus
swap,3,600,95,1,3,0.0,felpus,felpus,scrompus
swap,3,1200,95,1,3,0.0,felpus,felpus,scrompus
swap,4,-1200,95,1,3,0.0,felpus,felpus,scrompus
swap,4,-600,95,1,3,0.0,felpus,felpus,scrompus
swap,4,-300,95,1,3,0.0,felpus,felpus,scrompus
swap,4,-100,95,1,3,0.0,felpus,felpus,scrompus
swap,4,100,95,1,3,0.0,felpus,felpus,scrompus
swap,4,300,95,1,3,0.0,felpus,felpus,scrompus
swap,4,600,95,1,3,0.0,felpus,felpus,scrompus
swap,4,1200,95,1,3,0.0,felpus,felpus,scrompus
swap,5,-1200,95,1,3,0.0,felpus,felpus,scrompus
swap,5,-600,95,1,3,0.0,felpus,felpus,scrompus
swap,5,-300,95,1,3,0.0,felpus,felpus,scrompus
swap,5,-100,95,1,3,0.0,felpus,felpus,scrompus
swap,5,100,95,1,3,0.0,felpus,felpus,scrompus
swap,5,300,95,1,3,0.0,felpus,felpus,scrompus
swap,5,600,95,1,3,0.0,felpus,felpus,scrompus
swap,5,1200,95,1,3,0.0,felpus,felpus,scrompus
swap,0,0,96,1,3,0.0,zumpus,zumpus,quimpus
swap,1,-1200,96,1,3,0.0,zumpus,zumpus,quimpus
swap,1,-600,96,1,3,0.0,zumpus,zumpus,quimpus
swap,1,-300,96,1,3,0.0,zumpus,zumpus,quimpus
swap,1,-100,96,1,3,0.0,zumpus,zumpus,quimpus
swap,1,100,96,1,3,0.0,zumpus,zumpus,quimpus
swap,1,300,96,1,3,0.0,zumpus,zumpus,quimpus
swap,1,600,96,1,3,0.0,zumpus,zumpus,quimpus
swap,1,1200,96,1,3,0.0,zumpus,zumpus,quimpus
swap,2,-1200,96,1,3,0.0,zumpus,zumpus,quimpus
swap,2,-600,96,1,3,0.0,zumpus,zumpus,quimpus
swap,2,-300,96,1,3,0.0,zumpus,zumpus,quimpus
swap,2,-100,96,1,3,0.0,zumpus,zumpus,quimpus
swap,2,100,96,1,3,0.0,zumpus,zumpus,quimpus
swap,2,300,96,1,3,0.0,zumpus,zumpus,quimpus
swap,2,600,96,1,3,0.0,zumpus,zumpus,quimpus
swap,2,1200,96,1,3,0.0,zumpus,zumpus,quimpus
swap,3,-1200,96,1,3,0.0,zumpus,zumpus,quimpus
swap,3,-600,96,1,3,0.0,zumpus,zumpus,quimpus
swap,3,-300,96,1,3,0.0,zumpus,zumpus,quimpus
swap,3,-100,96,1,3,0.0,zumpus,zumpus,quimpus
swap,3,100,96,1,3,0.0,zumpus,zumpus,quimpus
swap,3,300,96,1,3,0.0,zumpus,zumpus,quimpus
swap,3,600,96,1,3,0.0,zumpus,zumpus,quimpus
swap,3,1200,96,1,3,0.0,zumpus,zumpus,quimpus
swap,4,-1200,96,1,3,0.0,zumpus,zumpus,quimpus
swap,4,-600,96,1,3,0.0,zumpus,zumpus,quimpus
swap,4,-300,96,1,3,0.0,zumpus,zumpus,quimpus
swap,4,-100,96,1,3,0.0,zumpus,zumpus,quimpus
swap,4,100,96,1,3,0.0,zumpus,zumpus,quimpus
swap,4,300,96,1,3,0.0,zumpus,zumpus,quimpus
swap,4,600,96,1,3,0.0,zumpus,zumpus,quimpus
swap,4,1200,96,1,3,0.0,zumpus,zumpus,quimpus
swap,5,-1200,96,1,3,0.0,zumpus,zumpus,quimpus
swap,5,-600,96,1,3,0.0,zumpus,zumpus,quimpus
swap,5,-300,96,1,3,0.0,zumpus,zumpus,quimpus
swap,5,-100,96,1,3,0.0,zumpus,zumpus,quimpus
swap,5,100,96,1,3,0.0,zumpus,zumpus,quimpus
swap,5,300,96,1,3,0.0,zumpus,zumpus,quimpus
swap,5,600,96,1,3,0.0,zumpus,zumpus,quimpus
swap,5,1200,96,1,3,0.0,zumpus,zumpus,quimpus
swap,0,0,97,0,4,0.0,numpus,grimpus,numpus
swap,1,-1200,97,0,4,0.0,numpus,grimpus,numpus
swap,1,-600,97,0,4,0.0,numpus,grimpus,numpus
swap,1,-300,97,0,4,0.0,numpus,grimpus,numpus
swap,1,-100,97,0,4,0.0,numpus,grimpus,numpus
swap,1,100,97,0,4,0.0,numpus,grimpus,numpus
swap,1,300,97,0,4,0.0,numpus,grimpus,numpus
swap,1,600,97,0,4,0.0,numpus,grimpus,numpus
swap,1,1200,97,0,4,0.0,numpus,grimpus,numpus
swap,2,-1200,97,0,4,0.0,numpus,grimpus,numpus
swap,2,-600,97,0,4,0.0,numpus,grimpus,numpus
swap,2,-300,97,0,4,0.0,numpus,grimpus,numpus
swap,2,-100,97,0,4,0.0,numpus,grimpus,numpus
swap,2,100,97,0,4,0.0,numpus,grimpus,numpus
swap,2,300,97,0,4,0.0,numpus,grimpus,numpus
swap,2,600,97,0,4,0.0,numpus,grimpus,numpus
swap,2,1200,97,0,4,0.0,numpus,grimpus,numpus
swap,3,-1200,97,0,4,0.0,numpus,grimpus,numpus
swap,3,-600,97,0,4,0.0,numpus,grimpus,numpus
swap,3,-300,97,0,4,0.0,numpus,grimpus,numpus
swap,3,-100,97,0,4,0.0,numpus,grimpus,numpus
swap,3,100,97,0,4,0.0,numpus,grimpus,numpus
swap,3,300,97,0,4,0.0,numpus,grimpus,numpus
swap,3,600,97,0,4,0.0,numpus,grimpus,numpus
swap,3,1200,97,0,4,0.0,numpus,grimpus,numpus
swap,4,-1200,97,0,4,0.0,numpus,grimpus,numpus
swap,4,-600,97,0,4,0.0,numpus,grimpus,numpus
swap,4,-300,97,0,4,0.0,numpus,grimpus,numpus
swap,4,-100,97,0,4,0.0,numpus,grimpus,numpus
swap,4,100,97,0,4,0.0,numpus,grimpus,numpus
swap,4,300,97,0,4,0.0,numpus,grimpus,numpus
swap,4,600,97,0,4,0.0,numpus,grimpus,numpus
swap,4,1200,97,0,4,0.0,numpus,grimpus,numpus
swap,5,-1200,97,0,4,0.0,numpus,grimpus,numpus
swap,5,-600,97,0,4,0.0,numpus,grimpus,numpus
swap,5,-300,97,0,4,0.0,numpus,grimpus,numpus
swap,5,-100,97,0,4,0.0,numpus,grimpus,numpus
swap,5,100,97,0,4,0.0,numpus,grimpus,numpus
swap,5,300,97,0,4,0.0,numpus,grimpus,numpus
swap,5,600,97,0,4,0.0,numpus,grimpus,numpus
swap,5,1200,97,0,4,0.0,numpus,grimpus,numpus
swap,0,0,98,1,5,0.0,numpus,numpus,worpus
swap,1,-1200,98,1,5,0.0,numpus,numpus,worpus
swap,1,-600,98,1,5,0.0,numpus,numpus,worpus
swap,1,-300,98,1,5,0.0,numpus,numpus,worpus
swap,1,-100,98,1,5,0.0,numpus,numpus,worpus
swap,1,100,98,1,5,0.0,numpus,numpus,worpus
swap,1,300,98,1,5,0.0,numpus,numpus,worpus
swap,1,600,98,1,5,0.0,numpus,numpus,worpus
swap,1,1200,98,1,5,0.0,numpus,numpus,worpus
swap,2,-1200,98,1,5,0.0,numpus,numpus,worpus
swap,2,-600,98,1,5,0.0,numpus,numpus,worpus
swap,2,-300,98,1,5,0.0,numpus,numpus,worpus
swap,2,-100,98,1,5,0.0,numpus,numpus,worpus
swap,2,100,98,1,5,0.0,numpus,numpus,worpus
swap,2,300,98,1,5,0.0,numpus,numpus,worpus
swap,2,600,98,1,5,0.0,numpus,numpus,worpus
swap,2,1200,98,1,5,0.0,numpus,numpus,worpus
swap,3,-1200,98,1,5,0.0,numpus,numpus,worpus
swap,3,-600,98,1,5,0.0,numpus,numpus,worpus
swap,3,-300,98,1,5,0.0,numpus,numpus,worpus
swap,3,-100,98,1,5,0.0,numpus,numpus,worpus
swap,3,100,98,1,5,0.0,numpus,numpus,worpus
swap,3,300,98,1,5,0.0,numpus,numpus,worpus
swap,3,600,98,1,5,0.0,numpus,numpus,worpus
swap,3,1200,98,1,5,0.0,numpus,numpus,worpus
swap,4,-1200,98,1,5,0.0,numpus,numpus,worpus
swap,4,-600,98,1,5,0.0,numpus,numpus,worpus
swap,4,-300,98,1,5,0.0,numpus,numpus,worpus
swap,4,-100,98,1,5,0.0,numpus,numpus,worpus
swap,4,100,98,1,5,0.0,numpus,numpus,worpus
swap,4,300,98,1,5,0.0,numpus,numpus,worpus
swap,4,600,98,1,5,0.0,numpus,numpus,worpus
swap,4,1200,98,1,5,0.0,numpus,numpus,worpus
swap,5,-1200,98,1,5,0.0,numpus,numpus,worpus
swap,5,-600,98,1,5,0.0,numpus,numpus,worpus
swap,5,-300,98,1,5,0.0,numpus,numpus,worpus
swap,5,-100,98,1,5,0.0,numpus,numpus,worpus
swap,5,100,98,1,5,0.0,numpus,numpus,worpus
swap,5,300,98,1,5,0.0,numpus,numpus,worpus
swap,5,600,98,1,5,0.0,numpus,numpus,worpus
swap,5,1200,98,1,5,0.0,numpus,numpus,worpus
swap,0,0,99,1,4,0.0,sterpus,sterpus,tumpus
swap,1,-1200,99,1,4,0.0,sterpus,sterpus,tumpus
swap,1,-600,99,1,4,0.0,sterpus,sterpus,tumpus
swap,1,-300,99,1,4,0.0,sterpus,sterpus,tumpus
swap,1,-100,99,1,4,0.0,sterpus,sterpus,tumpus
swap,1,100,99,1,4,0.0,sterpus,sterpus,tumpus
swap,1,300,99,1,4,0.0,sterpus,sterpus,tumpus
swap,1,600,99,1,4,0.0,sterpus,sterpus,tumpus
swap,1,1200,99,1,4,0.0,sterpus,sterpus,tumpus
swap,2,-1200,99,1,4,0.0,sterpus,sterpus,tumpus
swap,2,-600,99,1,4,0.0,sterpus,sterpus,tumpus
swap,2,-300,99,1,4,0.0,sterpus,sterpus,tumpus
swap,2,-100,99,1,4,0.0,sterpus,sterpus,tumpus
swap,2,100,99,1,4,0.0,sterpus,sterpus,tumpus
swap,2,300,99,1,4,0.0,sterpus,sterpus,tumpus
swap,2,600,99,1,4,0.0,sterpus,sterpus,tumpus
swap,2,1200,99,1,4,0.0,sterpus,sterpus,tumpus
swap,3,-1200,99,1,4,0.0,sterpus,sterpus,tumpus
swap,3,-600,99,1,4,0.0,sterpus,sterpus,tumpus
swap,3,-300,99,1,4,0.0,sterpus,sterpus,tumpus
swap,3,-100,99,1,4,0.0,sterpus,sterpus,tumpus
swap,3,100,99,1,4,0.0,sterpus,sterpus,tumpus
swap,3,300,99,1,4,0.0,sterpus,sterpus,tumpus
swap,3,600,99,1,4,0.0,sterpus,sterpus,tumpus
swap,3,1200,99,1,4,0.0,sterpus,sterpus,tumpus
swap,4,-1200,99,1,4,0.0,sterpus,sterpus,tumpus
swap,4,-600,99,1,4,0.0,sterpus,sterpus,tumpus
swap,4,-300,99,1,4,0.0,sterpus,sterpus,tumpus
swap,4,-100,99,1,4,0.0,sterpus,sterpus,tumpus
swap,4,100,99,1,4,0.0,sterpus,sterpus,tumpus
swap,4,300,99,1,4,0.0,sterpus,sterpus,tumpus
swap,4,600,99,1,4,0.0,sterpus,sterpus,tumpus
swap,4,1200,99,1,4,0.0,sterpus,sterpus,tumpus
swap,5,-1200,99,1,4,0.0,sterpus,sterpus,tumpus
swap,5,-600,99,1,4,0.0,sterpus,sterpus,tumpus
swap,5,-300,99,1,4,0.0,sterpus,sterpus,tumpus
swap,5,-100,99,1,4,0.0,sterpus,sterpus,tumpus
swap,5,100,99,1,4,0.0,sterpus,sterpus,tumpus
swap,5,300,99,1,4,0.0,sterpus,sterpus,tumpus
swap,5,600,99,1,4,0.0,sterpus,sterpus,tumpus
swap,5,1200,99,1,4,0.0,sterpus,sterpus,tumpus
